timestamp,aqi,co,no2,o3,pm2_5,pm10
1771203600,4,299.98,0.76,108.76,70.02,79.08
1771207200,4,307.08,0.79,108.55,71.66,80.96
1771210800,4,313.45,0.66,109.72,72.95,82.43
1771214400,4,319.05,0.5,111.27,73.94,83.59
1771218000,4,319.64,0.41,112.07,73.78,83.38
1771221600,4,316.35,0.38,113.31,73.6,82.92
1771225200,5,318.05,0.37,116.04,75.23,84.55
1771228800,5,315.62,0.35,116.37,76.04,85.49
1771232400,5,310.75,0.35,116.4,75.7,85.42
1771236000,4,303.29,0.38,116.2,74.41,84.64
1771239600,4,291.14,0.43,114.89,71.35,82.05
1771243200,4,274.1,0.44,114.17,66.21,77.0
1771246800,4,258.82,0.41,113.92,60.61,70.79
1771250400,4,254.75,0.46,110.53,57.36,67.35
1771254000,4,256.99,0.56,106.16,54.66,64.48
1771257600,4,261.17,0.69,101.26,52.16,61.68
1771261200,4,269.09,0.82,96.81,50.32,59.42
1771264800,3,275.98,0.9,93.46,48.95,57.48
1771268400,3,276.76,0.93,91.79,47.72,55.59
1771272000,3,277.41,0.93,92.19,47.62,55.03
1771275600,3,275.59,0.89,94.11,48.0,55.0
1771279200,3,272.15,0.85,95.72,48.6,55.24
1771282800,3,270.8,0.83,96.49,49.71,56.14
1771286400,4,274.06,0.85,95.89,51.37,57.82
1771290000,4,282.0,1.03,92.46,52.86,59.57
1771293600,4,294.77,1.19,88.26,54.51,61.68
1771297200,4,310.33,1.12,87.48,56.51,64.13
1771300800,4,319.82,0.89,92.11,58.2,66.06
1771304400,4,317.26,0.68,98.93,58.64,66.27
1771308000,4,310.86,0.6,106.82,59.33,66.59
1771311600,4,310.57,0.59,115.43,62.18,69.38
1771315200,4,312.17,0.6,121.81,65.39,72.65
1771318800,4,316.91,0.66,128.34,68.57,75.93
1771322400,4,321.7,0.79,133.39,71.04,78.56
1771326000,4,323.77,0.99,134.42,71.6,79.22
1771329600,4,322.35,1.09,132.47,70.73,78.36
1771333200,4,321.48,1.03,130.15,69.49,77.13
1771336800,4,323.26,0.95,125.51,68.24,76.01
1771340400,4,321.55,0.85,118.76,66.32,74.25
1771344000,4,315.87,0.75,111.21,63.28,71.26
1771347600,4,310.09,0.67,104.21,60.14,68.14
1771351200,4,306.05,0.65,97.66,56.69,64.65
1771354800,4,305.8,0.7,90.63,53.22,61.19
1771358400,4,319.87,0.88,83.35,50.86,58.97
1771362000,3,344.82,1.14,76.82,48.97,57.18
1771365600,3,371.04,1.45,71.08,46.46,54.51
1771369200,3,401.38,1.78,65.3,44.34,52.33
1771372800,3,420.89,1.97,62.59,41.59,49.29
1771376400,3,420.68,1.98,64.87,37.55,44.61
1771380000,3,432.75,1.93,67.47,35.27,42.27
1771383600,3,455.35,1.74,73.31,35.71,43.0
1771387200,3,479.23,1.47,85.39,39.4,47.22
1771390800,3,492.04,1.17,99.88,45.71,53.96
1771394400,4,493.61,0.98,111.99,53.37,61.89
1771398000,4,488.84,0.85,120.97,60.84,69.45
1771401600,4,472.84,0.74,125.18,65.0,73.45
1771405200,4,449.86,0.68,126.46,64.54,72.65
1771408800,4,422.82,0.66,124.5,59.87,67.27
1771412400,4,401.12,0.68,119.5,54.64,61.3
1771416000,3,384.98,0.66,113.29,49.96,55.96
1771419600,3,369.53,0.55,106.93,45.76,51.18
1771423200,3,360.03,0.47,101.99,43.25,48.35
1771426800,3,354.37,0.4,98.92,42.05,47.03
1771430400,3,349.68,0.33,96.88,41.29,46.15
1771434000,3,348.08,0.29,95.12,41.05,45.89
1771437600,3,349.28,0.26,93.88,41.18,46.01
1771441200,3,353.95,0.25,93.23,41.71,46.59
1771444800,3,360.34,0.24,93.09,42.35,47.29
1771448400,3,364.61,0.23,92.21,42.3,47.17
1771452000,3,369.35,0.26,90.14,42.17,47.03
1771455600,3,382.29,0.33,86.52,43.08,48.13
1771459200,3,401.93,0.44,82.51,44.66,50.07
1771462800,3,421.94,0.62,77.44,45.81,51.63
1771466400,3,442.25,0.68,74.5,46.98,53.25
1771470000,3,459.71,0.61,76.16,49.0,55.68
1771473600,4,470.46,0.48,80.97,51.48,58.37
1771477200,4,468.92,0.37,84.41,52.72,59.45
1771480800,4,459.68,0.29,85.37,52.71,59.04
1771484400,4,448.4,0.25,84.99,52.36,58.33
1771488000,4,430.19,0.23,83.87,50.24,55.62
1771491600,3,402.59,0.23,83.65,45.41,50.02
1771495200,3,360.65,0.26,83.71,37.04,40.85
1771498800,3,324.88,0.34,83.32,30.25,33.55
1771502400,3,300.61,0.42,82.84,25.43,28.39
1771506000,2,286.15,0.46,82.08,22.33,25.2
1771509600,2,284.83,0.54,80.65,21.12,24.21
1771513200,2,292.81,0.64,78.85,21.0,24.42
1771516800,2,304.47,0.75,76.74,21.46,25.2
1771520400,2,323.15,0.91,74.4,22.67,26.72
1771524000,2,350.48,1.1,71.07,24.65,29.04
1771527600,3,382.84,1.29,66.74,27.03,31.82
1771531200,3,414.57,1.45,62.99,29.12,34.31
1771534800,3,441.05,1.57,60.37,30.47,35.94
1771538400,3,458.21,1.69,58.9,30.75,36.28
1771542000,3,482.96,1.88,56.39,31.45,37.34
1771545600,3,506.36,2.08,54.25,31.95,38.24
1771549200,3,514.08,2.26,54.32,31.28,37.89
1771552800,3,536.76,2.26,56.98,32.19,39.5
1771556400,3,565.02,2.01,67.7,36.09,44.23
1771560000,3,586.73,1.58,86.28,43.42,52.27
1771563600,4,599.11,1.25,105.38,53.38,62.86
1771567200,4,603.03,1.1,122.32,64.91,75.0
1771570800,4,591.04,1.0,133.85,73.79,84.04
1771574400,5,561.79,0.9,138.2,76.65,86.49
1771578000,4,523.18,0.85,137.09,73.87,82.98
1771581600,4,483.65,0.85,132.65,67.02,75.2
1771585200,4,449.03,0.91,125.63,59.78,67.16
1771588800,4,422.76,0.93,118.74,53.7,60.45
1771592400,3,404.52,0.83,111.93,49.08,55.41
1771596000,3,397.82,0.75,106.91,47.11,53.37
1771599600,3,400.22,0.69,103.92,47.42,53.82
1771603200,3,407.77,0.64,102.39,49.1,55.74
1771606800,4,417.68,0.59,101.82,51.28,58.18
1771610400,4,424.09,0.54,101.09,52.95,60.02
1771614000,4,411.47,0.47,100.86,50.81,57.38
1771617600,3,405.06,0.47,96.33,49.37,56.01
1771621200,3,404.26,0.53,89.93,48.39,55.31
1771624800,3,399.82,0.64,82.97,46.3,53.23
1771628400,3,392.44,0.74,76.73,44.03,50.66
1771632000,3,382.94,0.8,72.36,42.34,48.6
1771635600,3,375.29,0.9,69.28,41.41,47.44
1771639200,3,375.46,0.91,67.6,41.22,47.27
1771642800,3,375.64,0.74,69.82,41.6,47.67
1771646400,3,374.63,0.58,74.72,42.34,48.39
1771650000,3,371.38,0.48,78.91,43.08,49.1
1771653600,3,368.14,0.43,81.51,43.76,49.76
1771657200,3,365.6,0.39,83.06,44.71,50.86
1771660800,3,357.13,0.32,82.66,45.45,51.85
1771664400,3,344.5,0.26,81.51,45.63,52.31
1771668000,3,331.09,0.23,80.5,45.45,52.4
1771671600,3,315.82,0.24,79.24,44.87,52.27
1771675200,3,300.54,0.23,78.88,43.7,51.42
1771678800,3,287.08,0.21,80.33,41.66,49.19
1771682400,3,279.25,0.21,81.95,39.78,47.17
1771686000,3,274.89,0.24,83.35,38.23,45.48
1771689600,3,271.57,0.28,84.67,36.87,43.89
1771693200,3,268.57,0.32,85.91,36.07,42.95
1771696800,3,265.21,0.35,87.38,35.75,42.5
1771700400,3,260.43,0.37,89.59,36.04,42.64
1771704000,3,254.91,0.37,93.06,37.18,43.7
1771707600,3,249.4,0.35,97.22,38.99,45.52
1771711200,3,245.49,0.34,101.46,41.58,48.25
1771714800,3,243.9,0.33,105.88,45.07,52.07
1771718400,3,244.58,0.32,110.08,49.2,56.66
1771894800,5,425.5,0.76,109.04,126.12,137.11
1771898400,5,421.09,0.8,108.76,124.73,135.31
1771902000,5,415.97,0.74,110.44,124.2,134.13
1771905600,5,413.82,0.65,112.37,124.29,133.65
1771909200,5,419.54,0.6,112.51,125.77,135.18
1771912800,5,426.64,0.56,112.35,127.49,137.12
1771916400,5,421.06,0.54,110.97,125.04,134.51
1771920000,5,391.36,0.51,107.33,114.61,123.08
1771923600,5,356.53,0.49,104.82,102.22,109.48
1771927200,5,284.78,0.4,106.23,78.09,83.0
1771930800,4,256.65,0.45,102.0,65.96,70.11
1771934400,4,258.46,0.6,100.37,64.09,68.35
1771938000,4,271.91,0.83,97.71,64.64,69.36
1771941600,4,293.04,1.08,94.85,66.28,71.56
1771945200,4,305.29,1.25,91.97,65.23,70.64
1771948800,4,312.45,1.43,88.57,62.97,68.5
1771952400,4,325.57,1.69,85.47,62.28,68.22
1771956000,4,333.6,1.91,82.14,61.07,67.34
1771959600,4,339.02,2.1,78.24,59.47,66.03
1771963200,4,342.89,2.27,74.46,57.65,64.48
1771966800,4,343.23,2.38,70.6,55.06,62.02
1771970400,4,340.19,2.49,66.88,51.9,58.17
1771974000,4,341.7,2.62,63.6,50.03,55.43
1771977600,3,340.21,2.66,61.24,48.54,53.19
1771981200,3,332.2,2.71,59.22,46.03,50.42
1771984800,3,328.33,2.78,57.99,44.4,48.91
1771988400,3,323.06,2.44,60.43,42.97,47.66
1771992000,3,291.05,1.56,68.88,37.77,41.98
1771995600,3,264.42,1.02,75.2,33.68,37.44
1771999200,3,255.15,0.81,78.24,32.05,35.6
1772002800,3,248.08,0.69,79.72,30.77,33.95
1772006400,3,236.2,0.61,79.41,28.86,31.55
1772010000,3,228.56,0.59,79.1,27.43,29.72
1772013600,3,226.67,0.65,79.12,26.74,28.78
1772017200,3,225.96,0.77,77.76,26.17,28.04
1772020800,3,224.9,0.84,76.01,25.98,27.75
1772024400,3,226.26,0.83,74.17,26.12,27.95
1772028000,3,233.04,0.89,72.52,26.64,28.68
1772031600,3,239.5,0.92,71.32,27.17,29.38
1772035200,3,242.69,0.9,70.3,27.4,29.7
1772038800,3,246.47,0.87,69.92,27.66,30.01
1772042400,3,249.02,0.83,69.99,27.85,30.19
1772046000,3,249.15,0.78,70.25,27.81,30.12
1772049600,3,247.37,0.73,71.0,27.56,29.76
1772053200,3,244.0,0.67,71.91,27.09,29.12
1772056800,3,237.61,0.57,73.92,26.27,27.82
1772060400,3,234.9,0.55,73.93,25.34,26.61
1772064000,2,232.36,0.52,73.19,24.23,25.33
1772067600,2,233.97,0.59,70.31,23.38,24.71
1772071200,2,248.56,0.76,65.54,23.27,25.27
1772074800,2,268.07,0.79,61.98,23.69,26.41
1772078400,2,280.75,0.69,63.41,24.3,27.54
1772082000,2,280.64,0.56,67.08,24.77,28.17
1772085600,3,278.23,0.48,70.81,25.63,29.13
1772089200,3,276.74,0.46,73.48,26.79,30.45
1772092800,3,271.77,0.45,73.67,27.36,31.17
1772096400,3,263.66,0.44,72.28,27.32,31.19
1772100000,3,252.12,0.42,70.74,26.91,30.76
1772103600,3,237.66,0.39,69.78,27.09,30.9
1772107200,3,227.21,0.33,71.67,30.29,34.25
1772110800,3,224.64,0.25,77.08,36.56,40.6
1772114400,3,232.57,0.22,83.25,45.47,50.49
1772118000,4,247.51,0.22,91.15,56.43,62.79
1772121600,4,265.89,0.23,99.24,67.93,75.83
1772125200,5,287.59,0.26,106.72,79.16,88.69
1772128800,5,308.64,0.3,113.09,88.55,99.22
1772132400,5,324.44,0.33,119.24,95.16,106.41
1772136000,5,335.69,0.35,125.39,99.37,110.94
1772139600,5,341.33,0.36,130.21,101.11,112.61
1772143200,5,342.65,0.37,133.25,101.07,112.25
1772146800,5,341.42,0.37,137.25,100.29,111.35
1772150400,5,338.42,0.38,140.65,99.2,110.46
1772154000,5,335.53,0.46,143.19,97.95,109.69
1772157600,5,334.16,0.56,145.17,96.89,109.28
1772161200,5,333.14,0.55,146.85,96.3,109.21
1772164800,5,326.72,0.44,150.26,94.48,107.29
1772168400,5,312.17,0.38,150.89,90.16,102.03
1772172000,5,297.37,0.39,148.66,85.18,95.86
1772175600,5,284.29,0.42,148.65,80.56,90.11
1772179200,4,267.67,0.46,146.96,74.94,83.56
1772182800,4,254.24,0.51,145.57,69.98,78.14
1772186400,4,242.24,0.59,146.72,65.36,73.37
1772190000,4,233.16,0.7,146.99,61.85,69.9
1772193600,4,230.81,0.8,147.41,59.97,67.94
1772197200,4,232.02,0.78,147.74,59.34,67.07
1772200800,4,240.48,0.76,148.28,61.34,69.58
1772204400,4,253.0,0.72,150.31,65.3,74.16
1772208000,4,265.99,0.66,152.0,70.12,79.8
1772211600,5,281.74,0.61,154.52,76.24,87.01
1772215200,5,295.78,0.55,157.36,82.26,94.06
1772218800,5,304.89,0.5,159.33,87.16,99.74
1772222400,5,313.77,0.46,161.04,91.17,104.38
1772226000,5,320.55,0.44,162.29,94.17,107.91
1772229600,5,326.41,0.42,162.7,96.47,110.64
1772233200,5,331.02,0.41,162.59,98.1,112.53
1772236800,5,332.81,0.4,161.86,98.73,113.28
1772240400,5,331.07,0.47,160.52,97.38,111.78
1772244000,5,328.3,0.53,158.1,95.79,110.13
1772247600,5,325.88,0.46,155.53,94.26,108.58
1772251200,5,321.37,0.35,154.32,92.67,106.93
1772254800,5,315.5,0.3,152.06,90.72,104.69
1772258400,5,310.35,0.3,149.2,89.14,102.69
1772262000,5,307.91,0.32,147.67,88.39,101.93
1772265600,5,301.18,0.33,145.21,86.22,100.35
1772269200,5,293.07,0.36,143.35,83.56,98.76
1772272800,5,284.59,0.43,143.44,80.49,96.75
1772276400,5,275.71,0.55,143.82,77.26,93.15
1772280000,5,272.75,0.69,144.21,75.55,90.29
1772283600,4,271.71,0.7,146.04,74.74,88.05
1772287200,5,274.36,0.69,145.44,75.15,88.23
1772290800,5,278.76,0.66,145.58,76.06,89.12
1772294400,5,281.04,0.61,144.95,76.09,89.14
1772298000,5,282.58,0.57,144.61,75.71,88.86
1772301600,4,282.37,0.53,143.5,74.52,87.74
1772305200,4,278.86,0.49,140.97,72.24,85.48
1772308800,4,274.52,0.45,138.07,69.85,83.14
1772312400,4,270.52,0.41,135.31,67.48,80.8
1772316000,4,265.67,0.38,132.57,65.0,78.28
1772319600,4,263.32,0.37,130.45,63.8,77.25
1772323200,4,261.86,0.36,127.87,64.21,78.2
1772413200,5,259.62,0.7,101.37,79.81,101.55
1772416800,5,268.25,0.83,98.69,80.57,102.42
1772420400,5,276.5,0.74,97.84,81.61,103.62
1772424000,5,282.47,0.51,98.99,83.15,105.29
1772427600,5,286.17,0.37,99.33,84.9,107.12
1772431200,5,286.32,0.31,99.59,86.89,109.19
1772434800,5,285.15,0.29,100.11,88.93,111.74
1772438400,5,276.35,0.26,98.55,88.87,112.43
1772442000,5,261.95,0.24,97.97,86.84,111.04
1772445600,5,239.69,0.21,102.28,81.65,105.6
1772449200,5,228.85,0.23,102.59,79.0,103.14
1772452800,5,222.4,0.24,101.63,77.59,102.2
1772456400,5,219.48,0.25,101.51,76.85,101.72
1772460000,5,219.58,0.27,101.49,76.59,101.68
1772463600,5,221.27,0.32,101.38,76.75,101.97
1772467200,5,224.82,0.37,100.8,77.21,102.39
1772470800,5,231.15,0.44,99.89,78.21,103.23
1772474400,5,239.43,0.52,98.83,79.43,104.1
1772478000,5,246.99,0.6,97.75,80.13,104.27
1772481600,5,252.03,0.65,97.63,80.68,104.5
1772485200,5,254.61,0.69,97.74,81.0,104.64
1772488800,5,254.8,0.72,97.2,80.89,104.21
1772492400,5,254.21,0.75,96.34,80.75,103.72
1772496000,5,252.9,0.77,95.24,80.6,103.18
1772499600,5,257.42,0.97,92.24,80.7,102.78
1772503200,5,268.45,1.13,88.56,81.5,103.27
1772506800,5,278.39,0.96,89.07,82.79,104.4
1772510400,5,285.06,0.64,93.25,85.05,106.61
1772514000,5,285.99,0.44,96.57,87.64,109.11
1772517600,5,282.7,0.36,98.3,90.34,111.83
1772521200,5,276.3,0.36,98.75,91.79,113.71
1772524800,5,264.0,0.35,96.67,90.36,112.94
1772528400,5,246.81,0.32,95.04,86.99,110.14
1772532000,5,228.96,0.28,96.02,82.74,105.89
1772535600,5,217.4,0.3,96.1,79.47,102.75
1772539200,5,209.52,0.33,96.93,77.07,100.51
1772542800,5,205.0,0.35,99.05,75.49,98.78
1772546400,4,204.38,0.41,101.64,74.58,97.09
1772550000,4,210.24,0.56,104.16,74.38,95.59
1772553600,4,219.22,0.7,105.38,74.3,94.1
1772557200,4,227.28,0.78,104.86,74.06,92.72
1772560800,4,233.43,0.82,102.98,73.34,91.06
1772564400,4,235.83,0.82,100.01,71.64,88.59
1772568000,4,236.06,0.79,97.92,69.97,86.65
1772571600,4,235.24,0.76,96.12,68.45,85.22
1772575200,4,234.23,0.76,94.02,67.15,84.09
1772578800,4,236.06,0.81,91.54,66.34,83.47
1772582400,4,238.06,0.87,89.27,65.72,82.96
1772586000,4,242.38,1.06,86.26,65.3,82.5
1772589600,4,250.06,1.17,83.49,65.54,82.85
1772593200,4,257.56,0.99,84.29,66.3,83.94
1772596800,4,263.86,0.68,87.63,67.87,86.01
1772600400,4,268.24,0.48,90.79,69.99,88.65
1772604000,4,269.43,0.41,93.63,72.52,91.58
1772607600,5,268.84,0.37,96.96,75.19,94.99
1772611200,5,261.25,0.33,97.86,75.69,96.6
1772614800,5,250.71,0.32,98.16,75.02,97.53
1772618400,4,241.3,0.34,99.59,74.53,98.95
1772622000,4,234.73,0.41,101.05,74.41,100.77
1772625600,5,230.96,0.49,103.55,75.21,103.32
1772629200,5,231.22,0.54,106.89,76.6,105.43
1772632800,5,238.84,0.65,108.66,78.59,107.53
1772636400,5,250.85,0.79,110.36,80.65,109.13
1772640000,5,263.84,0.87,112.1,82.93,111.1
1772643600,5,276.3,0.9,113.37,85.65,113.73
1772647200,5,287.23,0.91,113.58,88.17,116.26
1772650800,5,290.93,0.88,112.73,89.8,117.73
1772654400,5,291.25,0.84,112.78,92.13,120.06
1772658000,5,290.51,0.79,113.59,94.52,122.39
1772661600,5,290.75,0.77,113.68,96.84,124.62
1772665200,5,293.75,0.77,112.68,99.45,127.22
1772668800,5,294.99,0.73,113.51,101.83,130.01
1772672400,5,295.66,0.79,115.01,103.52,132.32
1772676000,5,296.11,0.78,117.65,104.52,134.1
1772679600,5,296.57,0.57,121.49,105.24,135.55
1772683200,5,291.89,0.34,125.1,105.05,135.89
1772686800,5,282.81,0.24,126.19,102.93,133.8
1772690400,5,272.71,0.21,125.62,99.87,130.54
1772694000,5,259.96,0.21,127.22,94.03,123.61
1772697600,5,244.92,0.2,126.17,87.87,116.3
1772701200,5,233.06,0.2,124.52,84.1,112.34
1772704800,5,226.08,0.23,124.73,81.65,110.43
1772708400,5,222.9,0.3,123.52,80.42,110.49
1772712000,5,224.09,0.38,123.35,79.49,110.34
1772715600,5,229.25,0.45,123.99,79.21,110.41
1772719200,5,236.27,0.51,124.85,79.54,110.51
1772722800,5,244.0,0.55,125.4,80.37,111.06
1772726400,5,249.77,0.56,125.41,81.44,111.95
1772730000,5,255.52,0.58,123.99,82.7,113.05
1772733600,5,261.28,0.61,122.25,83.93,114.23
1772737200,5,263.01,0.61,119.53,84.51,114.87
1772740800,5,262.47,0.57,117.86,85.04,115.7
1772744400,5,260.17,0.51,117.03,85.31,116.07
1772748000,5,257.84,0.46,117.1,85.17,115.84
1772751600,5,255.15,0.42,117.69,84.91,115.27
1772755200,5,253.16,0.38,119.19,84.46,114.3
1772758800,5,252.44,0.44,118.88,83.77,112.63
1772762400,5,254.05,0.47,117.07,83.49,111.97
1772766000,5,254.42,0.37,116.69,83.2,111.53
1772769600,5,254.03,0.26,117.81,83.1,111.22
1772773200,5,251.84,0.2,117.39,83.18,110.93
1772776800,5,249.65,0.18,115.45,83.5,110.79
1772780400,5,247.05,0.17,113.8,83.48,110.22
1772784000,5,242.13,0.17,112.58,82.34,108.44
1772787600,5,237.56,0.19,112.87,80.76,106.18
1772791200,5,234.78,0.24,115.21,79.25,104.28
1772794800,5,231.32,0.3,118.84,77.71,102.38
1772798400,5,229.08,0.35,125.34,76.43,100.75
1772802000,4,227.8,0.33,135.04,74.63,98.87
1772805600,4,225.54,0.31,136.81,73.22,97.58
1772809200,4,222.21,0.28,136.33,71.82,96.24
1772812800,4,217.42,0.25,134.45,69.96,94.1
1772816400,4,212.23,0.23,131.94,68.27,92.05
1772820000,4,207.38,0.2,128.98,66.52,89.83
1772823600,4,202.58,0.19,124.83,64.78,87.48
1772827200,4,198.87,0.17,120.4,63.16,85.25
1772830800,4,196.92,0.17,116.11,61.94,83.4
1772834400,4,201.43,0.24,111.11,61.28,82.09
1772838000,4,213.31,0.36,106.6,61.36,81.77
1772841600,4,228.78,0.52,103.14,61.8,82.01
1772845200,4,249.98,0.8,98.61,62.42,82.39
1772848800,4,276.64,1.03,94.92,63.77,83.79
1772852400,4,301.65,1.01,94.96,65.7,85.86
1772856000,4,320.12,0.77,98.69,69.18,89.6
1772859600,4,328.02,0.54,102.6,73.39,93.95
1772863200,5,328.83,0.45,105.81,78.14,98.69
1772866800,5,323.4,0.41,108.44,82.02,102.48
1772870400,5,306.14,0.37,108.01,82.19,102.43
1772874000,5,279.8,0.34,105.92,78.53,98.54
1772877600,4,245.3,0.31,102.95,71.27,91.2
1772881200,4,221.71,0.31,100.21,66.05,85.96
1772884800,4,204.07,0.32,100.18,62.14,82.05
1772888400,4,194.69,0.3,105.43,59.7,79.42
1772892000,4,192.0,0.3,109.57,58.79,78.27
1772895600,4,191.25,0.3,112.05,58.38,77.66
1772899200,4,193.39,0.32,110.96,58.53,77.86
1772902800,4,202.67,0.42,106.74,59.36,78.83
1772906400,4,221.7,0.64,100.16,60.46,79.87
1772910000,4,245.5,0.94,91.87,61.63,80.84
1772913600,4,267.34,1.19,85.82,63.44,82.55
1772917200,4,282.13,1.34,82.71,65.36,84.39
1772920800,4,290.59,1.44,82.11,66.81,85.54
1772924400,4,296.95,1.53,82.81,67.92,86.12
1772928000,4,298.36,1.55,84.28,68.44,85.91
1772931600,4,299.7,1.72,84.49,68.29,84.86
1772935200,4,304.53,1.72,84.8,68.11,83.87
1772938800,4,308.63,1.38,88.69,68.73,83.8
1772942400,4,313.3,0.94,95.55,71.28,85.85
1772946000,5,319.22,0.67,101.51,75.58,89.76
1772949600,5,325.11,0.58,107.06,81.15,95.04
1772953200,5,329.37,0.55,112.42,86.77,100.55
1772956800,5,322.2,0.53,114.35,88.6,102.22
1772960400,5,305.6,0.52,115.07,86.93,100.32
1772964000,5,284.42,0.53,115.45,82.83,96.02
1772967600,5,262.47,0.56,112.04,77.49,90.88
1772971200,4,239.45,0.52,107.72,71.37,85.15
1772974800,4,217.84,0.44,104.47,64.88,78.66
1772978400,4,212.17,0.44,101.37,62.83,77.08
1772982000,4,213.33,0.52,98.04,62.13,76.82
1772985600,4,222.3,0.69,94.37,61.89,76.74
1772989200,4,241.58,0.97,90.43,61.99,76.55
1772992800,4,267.43,1.32,87.01,61.68,75.22
1772996400,4,292.94,1.68,83.42,60.68,72.98
1773000000,4,312.81,1.92,81.01,59.78,71.04
1773003600,4,319.13,2.03,81.4,58.41,68.67
1773007200,4,316.69,2.06,82.41,57.06,66.49
1773010800,4,313.97,2.06,82.22,56.68,65.64
1773014400,4,309.82,2.01,81.35,56.85,65.62
1773018000,4,309.39,2.22,78.07,56.87,65.63
1773021600,4,316.57,2.31,74.51,57.17,66.08
1773025200,4,323.02,1.97,76.25,57.92,66.94
1773028800,4,330.25,1.41,85.12,60.54,69.64
1773032400,4,336.87,0.97,94.82,65.49,74.6
1773036000,4,344.88,0.78,103.81,72.72,81.81
1773039600,5,353.83,0.74,112.23,80.73,89.9
1773043200,5,358.1,0.74,117.88,86.38,95.52
1773046800,5,356.77,0.79,122.02,88.71,97.59
1773050400,5,351.27,0.9,124.33,88.13,96.63
1773054000,5,334.25,1.02,122.12,83.56,91.75
1773057600,5,308.49,1.01,117.07,76.48,84.46
1773061200,4,288.04,0.88,110.99,70.32,78.19
1773064800,4,280.25,0.8,104.34,67.96,76.2
1773068400,4,275.95,0.76,97.15,66.56,75.46
1773072000,4,274.71,0.77,90.14,65.5,75.13
1773075600,4,284.61,0.91,84.22,64.73,74.84
1773079200,4,316.97,1.3,78.08,64.28,74.52
1773082800,4,356.5,1.79,73.23,62.74,72.3
1773086400,4,389.55,2.21,68.03,60.62,69.6
1773090000,4,411.05,2.48,64.33,58.1,66.42
1773093600,4,404.89,2.48,63.35,53.48,60.8
1773097200,3,397.42,2.56,62.02,49.94,56.66
1773100800,3,395.23,2.71,59.47,47.85,54.35
1773104400,3,402.31,3.07,55.91,47.04,53.62
1773108000,3,423.92,3.09,54.53,48.24,55.23
1773111600,4,444.75,2.61,61.93,51.73,59.17
1773115200,4,460.33,1.86,78.43,58.9,66.71
1773118800,4,475.94,1.23,94.91,70.21,78.38
1773122400,5,498.53,0.96,108.33,84.54,93.32
1773126000,5,522.31,0.86,118.98,98.93,108.53
1773129600,5,536.72,0.81,124.61,109.27,119.41
1773133200,5,539.56,0.8,127.22,114.22,124.5
1773136800,5,533.29,0.83,127.81,113.9,123.98
1773140400,5,511.27,0.89,125.2,106.97,116.35
1773144000,5,474.9,0.88,121.68,93.53,101.7
1773147600,5,425.57,0.72,117.57,75.21,81.91
1773151200,4,398.58,0.59,113.31,65.5,71.66
1773154800,4,382.06,0.5,110.09,59.84,65.8
1773158400,4,370.82,0.44,107.47,56.25,62.14
1773162000,4,370.12,0.4,106.45,55.97,62.01
1773165600,4,381.0,0.39,106.32,59.39,65.79
1773169200,4,398.86,0.41,105.58,65.1,71.99
1773172800,4,415.96,0.45,103.98,70.09,77.4
1773176400,4,430.27,0.5,101.7,73.85,81.39
1773180000,5,446.01,0.59,98.59,76.56,84.24
1773183600,5,461.07,0.71,95.1,78.42,86.22
1773187200,5,472.97,0.81,91.38,79.32,87.13
1773190800,5,487.68,1.01,86.98,79.94,87.77
1773194400,5,510.78,1.15,84.03,81.02,89.02
1773198000,5,535.94,1.07,85.83,83.3,91.53
1773201600,5,557.88,0.87,92.22,87.48,95.92
1773205200,5,567.14,0.68,98.67,92.37,100.81
1773208800,5,565.86,0.56,103.38,97.73,106.04
1773212400,5,552.63,0.49,105.59,101.04,109.18
1773216000,5,521.88,0.44,104.11,99.86,107.83
1773219600,5,477.58,0.39,100.47,93.3,101.02
1773223200,5,424.33,0.35,96.39,80.88,88.28
1773226800,4,384.72,0.34,91.8,71.28,78.69
1773230400,4,351.7,0.31,88.1,62.78,70.33
1773234000,4,322.94,0.25,87.42,53.97,61.19
1773237600,4,307.89,0.24,84.82,50.78,58.65
1773241200,3,292.79,0.22,81.38,48.44,56.91
1773244800,3,276.53,0.21,77.38,45.7,54.48
1773248400,3,260.52,0.19,73.73,42.91,51.81
1773252000,3,243.08,0.18,70.23,39.81,48.55
1773255600,3,226.27,0.18,67.69,36.46,44.8
1773259200,3,213.8,0.19,66.26,33.56,41.41
1773262800,3,207.12,0.21,65.58,31.36,38.72
1773266400,3,209.86,0.29,63.95,30.02,37.15
1773270000,3,219.91,0.44,61.52,29.41,36.46
1773273600,3,234.38,0.63,59.39,29.3,36.22
1773277200,3,253.36,0.87,56.78,29.73,36.69
1773280800,3,271.18,0.89,55.88,30.64,37.91
1773284400,3,278.25,0.69,58.68,31.96,39.59
1773288000,3,275.09,0.45,62.95,33.52,41.43
1773291600,3,265.94,0.29,65.43,35.05,43.11
1773295200,3,256.64,0.2,66.17,36.48,44.62
1773298800,3,253.86,0.17,67.07,37.77,45.76
1773302400,3,250.39,0.15,66.46,38.44,46.38
1773306000,3,248.15,0.14,65.4,38.92,46.82
1773309600,3,250.12,0.13,65.59,39.46,47.26
1773313200,3,254.73,0.15,66.28,39.82,47.44
1773316800,3,259.33,0.16,67.87,39.77,47.07
1773320400,3,262.96,0.15,69.78,39.46,46.35
1773324000,3,264.55,0.15,70.58,39.13,45.84
1773327600,3,264.04,0.15,70.71,38.55,45.1
1773331200,3,260.73,0.15,70.23,37.78,44.18
1773334800,3,256.02,0.14,69.76,36.75,43.05
1773338400,3,249.89,0.15,69.21,35.56,41.76
1773342000,3,243.33,0.17,67.51,34.4,40.61
1773345600,3,239.51,0.24,64.36,33.94,40.37
1773349200,3,240.8,0.36,61.59,34.04,40.62
1773352800,3,248.16,0.55,59.59,34.62,41.23
1773356400,3,258.27,0.77,57.83,35.45,42.07
1773360000,3,269.8,0.97,56.38,36.27,42.92
1773363600,3,286.37,1.24,54.49,37.04,43.77
1773367200,3,307.9,1.3,54.13,37.9,44.96
1773370800,3,324.46,1.09,58.44,39.22,46.66
1773374400,3,330.38,0.73,66.2,41.09,48.82
1773378000,3,324.29,0.45,71.97,42.6,50.32
1773381600,3,317.52,0.3,74.72,43.72,51.24
1773385200,3,327.25,0.25,81.83,44.56,51.29
1773388800,3,340.84,0.26,87.79,44.91,50.89
1773392400,3,353.0,0.29,92.25,45.04,50.42
1773396000,3,367.52,0.35,96.33,45.4,50.3
1773399600,3,380.23,0.45,98.91,45.85,50.37
1773403200,3,393.31,0.5,102.25,46.57,50.67
1773406800,3,421.52,0.47,112.94,48.17,51.29
1773410400,4,438.66,0.48,116.64,50.25,53.37
1773414000,4,448.82,0.48,118.98,51.83,55.07
1773417600,4,454.69,0.48,119.8,52.91,56.28
1773421200,4,457.3,0.47,119.24,53.51,56.96
1773424800,4,459.57,0.45,118.69,53.9,57.35
1773428400,4,461.25,0.42,117.71,54.22,57.69
1773432000,4,463.76,0.39,117.21,54.63,58.15
1773435600,4,466.63,0.37,116.71,54.84,58.42
1773439200,4,474.34,0.38,119.65,54.14,57.57
1773442800,4,476.7,0.39,120.77,51.82,54.99
1773446400,3,477.3,0.4,120.83,49.85,52.83
1773450000,3,479.0,0.48,120.91,47.87,50.66
1773453600,3,482.5,0.53,121.9,45.78,48.45
1773457200,3,483.19,0.45,124.85,43.92,46.56
1773460800,3,482.55,0.36,127.29,42.93,45.63
1773464400,3,483.76,0.3,129.35,43.83,46.6
1773468000,3,487.09,0.26,130.21,45.99,48.82
1773471600,3,494.21,0.26,128.77,49.38,52.5
1773475200,4,500.52,0.26,125.81,52.47,55.97
1773478800,4,505.07,0.28,124.66,54.4,57.97
1773482400,4,509.06,0.34,125.36,55.57,59.13
1773486000,4,511.79,0.42,125.18,56.21,59.74
1773489600,4,513.46,0.47,126.07,56.54,59.88
1773493200,3,499.54,0.53,136.95,47.19,49.15
1773496800,3,487.25,0.57,139.92,40.33,41.81
1773500400,3,479.51,0.55,139.72,37.52,38.85
1773504000,3,475.13,0.54,138.87,36.36,37.65
1773507600,3,475.53,0.52,137.98,36.2,37.5
1773511200,3,475.92,0.5,137.39,35.94,37.23
1773514800,3,476.66,0.47,136.79,35.78,37.07
1773518400,3,480.91,0.46,135.74,36.16,37.52
1773522000,3,491.49,0.47,133.63,37.48,39.04
1773525600,3,510.17,0.55,129.49,39.35,41.24
1773529200,3,540.53,0.69,123.01,42.8,45.24
1773532800,3,571.32,0.84,116.36,46.29,49.33
1773536400,3,597.87,1.1,109.85,48.65,52.21
1773540000,3,614.42,1.2,106.39,49.87,53.79
1773543600,4,622.11,1.01,108.22,51.12,55.24
1773547200,4,615.73,0.71,114.13,52.29,56.41
1773550800,4,597.78,0.52,118.82,52.93,56.92
1773554400,4,583.04,0.44,121.85,54.15,58.02
1773558000,4,572.45,0.4,122.89,55.6,59.4
1773561600,4,556.54,0.39,121.96,55.75,59.45
1773565200,4,541.73,0.4,121.03,54.91,58.49
1773568800,4,533.05,0.45,120.07,53.99,57.51
1773572400,4,528.74,0.53,117.57,53.89,57.43
1773576000,4,526.52,0.57,115.82,53.98,57.44
1773579600,3,499.84,0.46,117.77,48.84,51.32
1773583200,3,498.09,0.43,117.1,48.57,51.09
1773586800,3,498.78,0.4,116.2,48.61,51.23
1773590400,3,496.23,0.37,114.91,48.41,51.08
1773594000,3,495.69,0.33,114.12,48.26,50.98
1773597600,3,495.15,0.3,113.48,48.04,50.75
1773601200,3,490.03,0.29,114.64,46.07,48.47
1773604800,3,490.15,0.31,113.69,45.26,47.66
1773608400,3,493.78,0.39,111.83,44.59,47.07
1773612000,3,504.4,0.56,108.16,43.93,46.59
1773615600,3,526.62,0.84,101.9,44.49,47.56
1773619200,3,549.6,1.19,94.34,45.52,49.06
1773622800,3,563.76,1.68,85.43,46.5,50.52
1773626400,3,574.33,1.88,79.05,48.06,52.58
1773630000,4,574.31,1.69,80.16,51.02,56.01
1773633600,4,562.54,1.29,88.34,54.92,60.37
1773637200,4,544.03,0.95,97.45,57.22,62.76
1773640800,4,532.59,0.8,105.38,59.97,65.44
1773644400,4,533.95,0.73,113.07,64.67,70.19
1773648000,4,530.62,0.65,116.1,68.42,73.92
1773651600,4,518.93,0.61,117.03,68.82,73.97
1773655200,4,473.08,0.51,114.68,57.9,61.43
1773658800,4,451.67,0.51,111.74,50.59,53.45
1773662400,3,441.41,0.51,109.55,47.15,49.82
1773666000,3,431.96,0.43,106.64,43.98,46.56
1773669600,3,430.67,0.39,104.66,43.45,46.22
1773673200,3,428.33,0.35,102.74,42.79,45.78
1773676800,3,421.91,0.33,100.25,41.79,44.95
1773680400,3,415.98,0.31,98.22,40.77,44.05
1773684000,3,409.34,0.3,96.5,39.66,42.99
1773687600,3,402.16,0.3,94.29,38.39,41.77
1773691200,3,397.22,0.34,91.58,37.17,40.65
1773694800,3,400.7,0.48,87.37,36.42,40.04
1773698400,3,413.13,0.79,81.22,36.11,39.9
1773702000,3,427.17,1.14,74.71,35.99,39.87
1773705600,3,433.85,1.46,68.86,35.65,39.5
1773709200,3,436.09,1.84,62.52,35.37,39.28
1773712800,3,442.35,1.86,58.46,35.9,40.12
1773716400,3,441.2,1.51,61.27,37.44,42.04
1773720000,3,428.8,1.01,69.07,39.25,44.18
1773723600,3,409.46,0.7,75.87,40.0,44.94
1773727200,3,390.57,0.56,80.32,40.41,45.22
1773730800,3,374.18,0.48,83.32,40.5,45.21
1773734400,3,357.1,0.41,83.4,39.89,44.62
1773738000,3,341.79,0.38,82.13,38.55,43.37
1773741600,3,328.52,0.37,80.1,36.56,41.49
1773745200,3,315.51,0.38,77.1,33.9,38.89
1773748800,3,303.52,0.37,74.16,31.03,35.78
1773752400,3,294.28,0.31,73.01,28.45,32.46
1773756000,3,291.29,0.3,70.95,27.1,31.05
1773759600,3,287.95,0.31,68.74,25.82,29.76
1773763200,2,284.81,0.35,66.5,24.67,28.67
1773766800,2,287.1,0.45,63.78,24.1,28.48
1773770400,2,296.08,0.66,60.74,23.76,28.54
1773774000,2,306.33,0.95,56.9,23.36,28.38
1773777600,2,318.54,1.21,53.4,23.24,28.33
1773781200,2,330.42,1.4,50.35,23.31,28.35
1773784800,2,341.75,1.53,47.46,23.49,28.4
1773788400,2,353.25,1.63,44.7,23.83,28.64
1773792000,2,361.95,1.67,42.12,24.25,28.98
1773795600,2,367.2,1.68,40.44,24.43,29.13
1773799200,3,377.47,1.46,41.5,25.12,29.95
1773802800,3,388.04,1.21,48.07,26.6,31.64
1773806400,3,397.97,0.94,58.46,29.0,34.41
1773810000,3,399.52,0.75,67.74,31.67,37.42
1773813600,3,395.12,0.65,75.61,34.57,40.48
1773817200,3,392.64,0.6,82.79,37.92,44.03
1773820800,3,385.1,0.53,85.81,40.16,46.45
1773824400,3,368.52,0.48,85.91,39.64,45.94
1773828000,3,339.28,0.43,82.85,34.89,40.72
1773831600,3,316.86,0.42,77.53,30.56,36.26
1773835200,3,294.76,0.41,71.61,26.06,31.5
1773838800,2,272.27,0.34,67.54,21.86,26.74
1773842400,2,258.49,0.33,64.45,19.14,23.82
1773846000,2,249.92,0.39,61.72,16.94,21.47
1773849600,2,243.1,0.53,58.95,14.61,18.89
1773853200,2,253.78,0.75,55.17,14.32,18.93
1773856800,2,269.96,1.01,51.29,14.63,19.51
1773860400,2,283.5,1.24,47.17,14.99,19.93
1773864000,2,291.02,1.35,44.22,15.27,20.1
1773867600,2,291.85,1.35,42.59,15.42,20.07
1773871200,2,290.41,1.32,41.46,15.43,19.91
1773874800,2,289.54,1.27,40.77,15.46,19.83
1773878400,2,286.19,1.2,40.61,15.38,19.7
1773882000,2,285.72,1.15,40.74,15.28,19.65
1773885600,2,288.5,0.96,42.24,15.52,20.11
1773889200,2,294.44,0.8,47.06,16.23,21.19
1773892800,2,301.96,0.63,53.53,17.75,23.32
1773896400,2,304.0,0.5,59.04,19.84,26.08
1773900000,2,301.47,0.42,63.25,22.06,28.91
1773903600,2,297.1,0.36,65.91,23.89,31.62
1773907200,2,286.34,0.3,65.03,24.43,33.18
1773910800,2,270.7,0.25,62.87,23.63,33.1
1773914400,2,251.73,0.22,60.82,21.35,30.71
1773918000,2,236.02,0.22,57.76,18.94,28.54
1773921600,2,223.63,0.23,54.99,16.77,26.48
1773925200,2,214.81,0.23,53.29,15.29,24.9
1773928800,2,210.43,0.25,52.73,14.54,24.18
1773932400,2,209.54,0.31,52.66,14.26,23.95
1773936000,2,212.02,0.4,52.52,14.34,23.95
1773939600,2,216.67,0.49,51.99,14.59,24.09
1773943200,2,222.2,0.59,51.3,14.85,24.12
1773946800,2,226.52,0.67,50.23,15.0,23.9
1773950400,2,231.03,0.75,49.39,15.14,23.69
1773954000,2,235.03,0.83,48.21,15.1,23.26
1773957600,2,238.63,0.9,46.22,14.75,22.44
1773961200,2,240.61,0.91,44.3,14.19,21.44
1773964800,2,242.41,0.89,42.56,13.51,20.4
1773968400,2,246.46,0.93,40.74,13.01,19.69
1773972000,2,253.63,0.87,39.75,12.81,19.52
1773975600,2,260.42,0.71,41.15,12.75,19.61
1773979200,2,263.91,0.48,44.4,12.98,20.14
1773982800,2,263.93,0.35,46.73,13.4,21.07
1773986400,2,261.84,0.27,48.33,14.06,22.42
1773990000,2,259.17,0.22,49.27,14.68,24.01
1773993600,2,252.06,0.18,48.39,14.81,25.05
1773997200,2,242.88,0.14,47.18,14.37,24.79
1774000800,2,232.6,0.11,47.07,13.53,22.68
1774004400,2,225.92,0.12,46.99,13.06,21.92
1774008000,2,221.52,0.15,47.13,12.76,21.52
1774011600,2,219.14,0.18,47.33,12.6,21.31
1774015200,2,219.31,0.24,47.45,12.58,21.31
1774018800,2,223.51,0.36,47.56,12.74,21.44
1774022400,2,231.59,0.55,47.0,12.96,21.66
1774026000,2,244.99,0.8,46.0,13.36,22.14
1774029600,2,262.28,1.1,44.59,13.83,22.57
1774033200,2,275.39,1.37,42.83,13.97,22.48
1774036800,2,278.86,1.44,41.29,13.67,21.87
1774040400,2,276.0,1.37,40.09,13.14,20.96
1774044000,2,270.66,1.27,38.89,12.51,19.88
1774047600,2,270.24,1.23,37.27,12.04,19.01
1774051200,2,270.17,1.18,35.95,11.62,18.21
1774054800,2,272.29,1.14,34.66,11.39,17.69
1774058400,2,280.48,0.97,35.68,11.57,17.8
1774062000,2,290.07,0.81,41.05,12.28,18.53
1774065600,2,296.01,0.61,48.57,13.65,19.98
1774069200,2,297.27,0.44,53.99,15.4,21.82
1774072800,2,295.37,0.35,56.68,17.13,23.69
1774076400,2,292.8,0.29,57.11,18.2,25.03
1774080000,2,285.37,0.24,54.56,17.92,24.87
1774083600,2,274.48,0.19,50.51,16.29,23.12
1774087200,2,257.06,0.14,46.22,13.26,19.58
1774090800,2,247.38,0.12,44.33,11.6,17.6
1774094400,2,235.96,0.11,46.93,10.62,15.96
1774098000,1,226.49,0.1,50.97,9.99,14.54
1774101600,1,233.31,0.1,47.93,9.61,14.32
1774105200,1,240.85,0.11,45.01,9.34,14.16
1774108800,1,246.51,0.12,42.65,9.2,14.04
1774112400,1,253.44,0.16,40.78,9.14,13.99
1774116000,1,263.55,0.28,38.79,9.21,14.05
1774119600,1,271.39,0.45,37.63,9.39,13.99
1774123200,1,279.05,0.6,36.42,9.79,14.3
1774126800,2,283.92,0.7,35.97,10.23,14.58
1774130400,2,286.26,0.74,36.07,10.6,14.72
1774134000,2,287.13,0.71,36.81,11.03,14.91
1774137600,2,288.01,0.65,37.63,11.5,15.17
1774141200,2,292.14,0.67,37.46,11.93,15.55
1774144800,2,306.58,0.71,38.1,12.52,16.31
1774148400,2,325.2,0.75,42.72,13.71,17.72
1774152000,2,342.38,0.66,51.18,15.75,19.99
1774155600,2,346.17,0.5,58.19,17.92,22.32
1774159200,2,346.09,0.41,62.59,20.1,24.66
1774162800,2,344.3,0.35,65.07,22.08,26.98
1774166400,2,337.29,0.29,63.58,22.9,28.32
1774170000,2,323.65,0.24,59.09,22.08,27.99
1774173600,2,306.76,0.19,53.53,19.81,25.68
1774177200,2,295.69,0.18,48.53,17.65,23.54
1774180800,2,289.15,0.18,44.54,15.5,21.25
1774184400,2,285.8,0.17,41.15,13.37,18.7
1774188000,2,287.76,0.2,39.05,11.6,16.73
1774191600,2,295.32,0.32,37.72,10.15,14.97
1774195200,1,307.95,0.51,36.68,9.19,13.62
1774198800,1,320.78,0.7,36.1,8.85,13.11
1774202400,1,332.24,0.87,36.5,8.83,12.83
1774206000,1,337.22,0.98,37.72,8.9,12.6
1774209600,1,338.52,1.01,40.16,9.03,12.56
1774213200,1,337.35,1.01,43.18,9.2,12.65
1774216800,1,334.83,1.01,46.06,9.39,12.84
1774220400,1,334.15,1.03,48.65,9.63,13.2
1774224000,1,333.82,1.06,51.17,9.83,13.6
1774227600,1,334.05,1.11,53.04,9.92,13.98
1774231200,2,337.66,1.0,55.63,10.17,14.57
1774234800,2,341.96,0.83,61.26,10.82,15.54
1774238400,2,343.8,0.63,69.08,12.08,17.07
1774242000,2,335.86,0.51,77.0,13.9,18.95
1774245600,2,327.96,0.48,84.48,16.53,21.63
1774249200,2,324.59,0.48,91.57,19.79,25.33
1774252800,2,317.35,0.44,94.5,22.07,28.33
1774256400,2,309.06,0.42,94.9,22.98,30.02
1774260000,2,300.81,0.44,93.89,22.74,30.41
1774263600,2,292.26,0.51,90.73,21.65,29.88
1774267200,2,280.56,0.56,88.83,20.02,28.58
1774270800,2,264.31,0.52,91.35,18.39,26.34
1774274400,2,257.49,0.56,90.96,17.65,25.37
1774278000,2,254.15,0.63,91.39,17.44,24.95
1774281600,2,252.99,0.74,92.3,17.8,25.05
1774285200,2,259.95,0.94,93.62,19.01,25.93
1774288800,2,269.56,1.14,96.36,20.84,27.24
1774292400,2,273.59,1.24,99.57,22.61,28.58
1774296000,3,276.74,1.24,100.67,23.75,29.68
1774299600,2,279.91,1.21,99.44,24.34,30.45
1774303200,2,280.97,1.18,97.22,24.51,30.89
1774306800,2,282.75,1.14,95.91,24.75,31.36
1774310400,3,281.71,1.09,95.97,25.15,31.92
1774314000,3,278.92,1.18,97.04,25.64,32.51
1774317600,3,279.32,1.07,99.13,26.48,33.52
1774321200,3,280.78,0.78,103.18,27.93,35.09
1774324800,3,283.69,0.53,106.27,30.18,37.62
1774328400,3,283.47,0.42,106.6,32.83,40.62
1774332000,3,282.19,0.38,106.55,35.39,43.47
1774335600,3,281.64,0.35,106.57,37.54,46.32
1774339200,3,275.19,0.3,102.84,38.1,48.17
1774342800,3,263.86,0.26,99.71,37.11,48.78
1774346400,3,249.16,0.24,98.87,34.73,46.95
1774350000,3,237.69,0.28,98.66,32.43,45.23
1774353600,3,229.36,0.33,100.39,30.88,43.67
1774357200,3,225.45,0.36,104.17,30.33,42.0
1774360800,3,229.64,0.43,107.24,31.42,42.46
1774364400,3,241.68,0.57,110.17,33.41,43.69
1774368000,3,257.68,0.7,112.38,35.99,45.53
1774371600,3,277.86,0.79,113.97,39.21,48.5
1774375200,3,294.46,0.81,116.32,42.25,51.13
1774378800,3,301.27,0.76,118.62,44.07,52.4
1774382400,3,302.8,0.7,120.56,44.98,52.95
1774386000,3,303.98,0.67,120.91,45.45,53.28
1774389600,3,306.73,0.67,119.66,45.91,53.79
1774393200,3,311.41,0.71,117.86,46.53,54.7
1774396800,3,314.69,0.75,116.51,47.01,55.66
1774400400,3,318.25,0.97,113.71,47.05,56.23
1774404000,3,327.75,1.06,110.24,47.3,56.95
1774407600,3,336.17,0.87,110.02,48.02,57.9
1774411200,3,340.08,0.61,111.77,49.44,59.49
1774414800,4,336.34,0.46,112.97,50.84,60.86
1774418400,4,330.17,0.41,114.16,52.41,62.26
1774422000,4,327.44,0.38,115.29,54.17,64.05
1774425600,4,318.34,0.34,113.37,54.27,64.36
1774429200,4,303.33,0.31,109.95,52.17,62.56
1774432800,3,284.43,0.29,106.64,47.83,58.47
1774436400,3,267.88,0.3,101.93,43.19,54.36
1774440000,3,254.09,0.31,97.29,38.47,49.98
1774443600,3,243.9,0.3,94.71,34.35,45.49
1774447200,3,240.11,0.34,92.34,31.65,42.83
1774450800,3,243.31,0.44,90.56,29.95,41.04
1774454400,3,252.48,0.6,89.15,29.19,40.03
1774458000,3,264.51,0.75,88.03,29.26,39.8
1774461600,3,277.81,0.87,87.21,29.77,39.83
1774465200,3,287.56,0.94,86.28,30.48,39.93
1774468800,3,294.99,0.96,86.7,31.59,40.68
1774472400,3,300.31,0.94,87.42,32.8,41.75
1774476000,3,302.72,0.91,87.95,34.01,42.99
1774479600,3,304.33,0.87,89.07,35.56,44.81
1774483200,3,304.52,0.84,90.87,37.53,47.25
1774486800,3,307.94,0.97,91.06,39.42,49.66
1774490400,3,317.04,0.98,90.18,41.25,52.01
1774494000,3,325.76,0.8,91.94,43.6,54.78
1774497600,3,333.02,0.57,95.65,46.9,58.5
1774501200,4,336.38,0.43,98.29,50.69,62.69
1774504800,4,336.21,0.37,99.64,54.51,66.9
1774508400,4,332.52,0.32,99.94,57.67,70.75
1774512000,4,320.09,0.29,97.3,58.59,72.51
1774515600,4,301.76,0.26,94.23,56.95,71.65
1774519200,4,279.18,0.25,92.8,53.14,68.36
1774522800,3,263.12,0.27,90.63,49.77,65.66
1774526400,3,251.6,0.31,89.29,47.01,63.51
1774530000,3,245.38,0.35,88.78,45.09,62.04
1774533600,3,243.04,0.39,87.55,43.85,61.35
1774537200,3,242.28,0.44,86.24,42.67,60.66
1774540800,3,242.44,0.48,84.73,41.56,59.82
1774544400,3,247.02,0.56,83.22,40.83,59.1
1774548000,3,257.05,0.69,80.97,40.32,58.33
1774551600,3,268.18,0.85,77.6,39.61,57.13
1774555200,3,276.92,0.95,74.53,38.69,55.7
1774558800,3,282.17,1.04,71.99,37.56,54.01
1774562400,3,282.44,1.1,70.17,36.14,51.93
1774566000,3,280.54,1.14,69.24,34.9,50.26
1774569600,3,275.47,1.13,68.69,33.73,48.83
1774573200,3,274.06,1.25,67.33,32.87,47.83
1774576800,3,278.77,1.18,66.6,32.77,47.92
1774580400,3,283.82,0.92,69.94,33.5,48.91
1774584000,3,286.66,0.64,75.65,35.36,51.06
1774587600,3,284.12,0.45,79.52,37.89,53.8
1774591200,3,279.84,0.35,81.51,40.56,56.73
1774594800,3,272.76,0.3,81.23,42.18,58.88
1774598400,3,258.36,0.24,77.58,41.61,58.93
1774602000,3,239.65,0.2,73.65,39.29,57.08
1774605600,3,221.18,0.17,70.83,36.23,54.01
1774609200,3,210.23,0.17,67.4,33.85,51.88
1774612800,3,202.58,0.19,64.95,32.03,50.2
1774616400,3,199.33,0.21,64.15,30.88,48.82
1774620000,3,200.5,0.27,63.74,30.44,48.04
1774623600,3,209.34,0.41,63.47,30.44,47.52
1774627200,3,222.62,0.59,63.31,30.61,47.04
1774630800,3,234.59,0.74,63.08,30.87,46.84
1774634400,3,245.18,0.86,63.15,31.12,46.66
1774638000,3,253.53,0.93,63.38,31.37,46.37
1774641600,3,262.44,1.0,63.98,31.83,46.36
1774645200,3,270.13,1.05,64.43,32.32,46.37
1774648800,3,275.03,1.09,64.66,32.65,46.16
1774652400,3,276.43,1.09,65.5,33.08,45.99
1774656000,3,274.65,1.08,66.86,33.46,45.81
1774659600,3,275.45,1.24,66.66,33.81,45.73
1774663200,3,282.69,1.21,65.94,34.43,46.23
1774666800,3,288.51,0.96,69.22,35.64,47.44
1774670400,3,293.06,0.66,75.01,37.84,49.75
1774674000,3,293.15,0.47,79.44,40.64,52.72
1774677600,3,290.8,0.38,81.68,43.45,55.73
1774681200,3,286.07,0.32,82.13,45.46,58.23
1774684800,3,274.44,0.27,78.79,45.44,58.88
1774688400,3,258.67,0.23,74.85,43.73,57.68
1774692000,3,242.64,0.2,72.49,41.33,55.29
1774695600,3,231.04,0.2,69.67,39.01,53.04
1774699200,3,221.86,0.2,67.9,36.96,50.9
1774702800,3,214.81,0.19,68.08,35.6,49.28
1774706400,3,210.93,0.19,68.12,34.75,48.45
1774710000,3,208.97,0.21,67.94,34.24,48.01
1774713600,3,209.26,0.26,68.27,34.08,47.84
1774717200,3,212.85,0.33,68.38,34.37,48.23
1774720800,3,222.05,0.45,67.96,34.96,48.86
1774724400,3,234.83,0.62,67.42,35.81,49.56
1774728000,3,248.43,0.77,67.43,36.77,50.17
1774731600,3,259.26,0.9,68.03,37.58,50.54
1774735200,3,266.31,0.99,68.43,38.0,50.42
1774738800,3,271.32,1.05,68.32,38.34,50.24
1774742400,3,272.48,1.07,67.76,38.51,49.82
1774746000,3,275.35,1.2,65.8,38.46,49.19
1774749600,3,280.63,1.11,65.12,38.74,49.21
1774753200,3,282.73,0.85,68.65,39.47,49.77
1774756800,3,282.03,0.58,74.36,41.04,51.27
1774760400,3,277.49,0.4,77.81,43.21,53.47
1774764000,3,271.56,0.32,79.22,45.55,55.95
1774767600,3,262.77,0.27,78.95,46.98,57.77
1774771200,3,248.34,0.23,76.42,46.55,57.96
1774774800,3,231.87,0.2,73.67,44.79,56.99
1774778400,3,216.53,0.19,71.59,42.46,55.53
1774782000,3,204.36,0.2,68.77,40.43,54.36
1774785600,3,194.98,0.22,66.83,38.72,53.08
1774789200,3,189.99,0.23,67.08,37.87,52.26
1774792800,3,189.23,0.26,67.79,37.96,52.7
1774796400,3,192.65,0.34,68.88,38.53,53.44
1774800000,3,199.73,0.47,69.58,39.24,54.05
1774803600,3,208.72,0.6,70.29,40.09,54.59
1774807200,3,219.11,0.72,70.84,40.96,54.98
1774810800,3,228.11,0.79,71.62,41.87,55.43
1774814400,3,235.71,0.83,72.09,42.83,56.11
1774818000,3,241.73,0.83,72.56,43.72,56.76
1774821600,3,247.56,0.85,73.23,44.56,57.42
1774825200,3,255.67,0.93,73.35,45.54,58.3
1774828800,3,263.26,1.01,73.16,46.41,59.01
1774832400,3,276.51,1.26,70.92,47.0,59.33
1774836000,3,294.82,1.3,69.94,48.02,60.14
1774839600,3,309.58,1.09,74.6,49.98,61.91
1774843200,4,318.38,0.79,82.11,53.65,65.5
1774846800,4,316.69,0.55,86.91,58.15,69.96
1774850400,4,308.35,0.43,89.07,62.13,74.12
1774854000,4,293.31,0.35,88.52,63.52,75.92
1774857600,4,276.14,0.3,85.32,62.56,75.44
1774861200,4,255.71,0.26,81.09,59.64,73.21
1774864800,4,236.46,0.24,76.81,55.85,70.19
1774868400,4,219.37,0.24,71.93,51.71,66.6
1774872000,3,205.22,0.24,68.69,48.13,63.17
1774875600,3,194.58,0.21,68.97,45.79,60.33
1774879200,3,191.48,0.21,68.0,45.0,59.8
1774882800,3,191.34,0.23,67.62,44.95,60.0
1774886400,3,192.05,0.26,68.36,45.33,60.3
1774890000,3,195.01,0.31,69.55,46.09,60.75
1774893600,3,200.61,0.39,69.98,46.91,61.05
1774897200,3,206.92,0.49,69.29,47.47,60.97
1774900800,3,212.91,0.58,68.08,48.02,61.1
1774904400,3,218.74,0.67,66.71,48.48,61.25
1774908000,3,223.88,0.76,65.27,48.73,61.13
1774911600,3,229.21,0.86,64.28,49.09,61.12
1774915200,3,234.73,0.98,63.29,49.43,61.1
1774918800,3,243.0,1.18,60.95,49.73,61.07
1774922400,4,255.56,1.15,60.42,50.48,61.76
1774926000,4,266.16,0.96,64.94,52.05,63.27
1774929600,4,274.95,0.71,72.54,55.02,66.23
1774933200,4,278.44,0.54,78.45,58.74,69.92
1774936800,4,278.41,0.45,82.4,62.42,73.71
1774940400,4,275.38,0.4,84.45,64.93,76.71
1774944000,4,263.76,0.34,82.37,64.44,77.06
1774947600,4,243.99,0.29,78.5,61.34,75.0
1774951200,4,223.45,0.24,75.54,57.1,71.5
1774954800,4,209.22,0.23,72.04,53.47,68.92
1774958400,4,198.64,0.24,70.49,50.3,66.53
1774962000,3,192.45,0.26,71.64,47.88,64.12
1774965600,3,192.04,0.31,73.33,46.52,62.64
1774969200,3,195.83,0.39,74.2,45.87,61.7
1774972800,3,202.15,0.5,73.83,45.55,60.87
1774976400,3,208.57,0.58,72.89,45.58,60.4
1774980000,3,214.49,0.65,71.65,45.69,59.95
1774983600,3,216.69,0.69,69.93,45.56,59.21
1774987200,3,215.33,0.66,68.8,45.41,58.52
1774990800,3,212.21,0.62,67.89,44.98,57.64
1774994400,3,207.13,0.58,67.27,44.04,56.28
1774998000,3,203.41,0.57,66.95,43.06,54.96
1775001600,3,200.58,0.58,66.4,41.95,53.5
1775005200,3,201.75,0.69,64.87,40.94,52.23
1775008800,3,210.8,0.76,63.72,40.75,52.13
1775012400,3,223.68,0.74,65.67,41.25,52.79
1775016000,3,238.54,0.66,70.43,43.12,55.0
1775019600,3,250.43,0.59,75.0,46.17,58.61
1775023200,3,256.32,0.53,78.72,49.46,62.7
1775026800,4,254.5,0.48,80.38,51.41,65.81
1775030400,4,244.31,0.42,77.91,50.49,65.97
1775034000,3,228.57,0.38,74.4,47.33,63.39
1775037600,3,209.84,0.36,71.53,42.59,58.05
1775041200,3,199.07,0.42,68.4,38.62,53.85
1775044800,3,192.64,0.55,65.27,35.4,50.39
1775048400,3,191.54,0.67,62.7,33.27,47.94
1775052000,3,198.91,0.89,61.13,32.15,46.44
1775055600,3,214.13,1.23,59.49,31.71,45.51
1775059200,3,228.74,1.55,57.4,31.23,44.17
1775062800,3,242.2,1.85,54.56,31.15,43.79
1775066400,3,254.12,2.12,51.41,31.09,43.55
1775070000,3,260.89,2.28,48.39,30.71,42.99
1775073600,3,264.22,2.35,46.51,30.35,42.61
1775077200,3,266.16,2.39,45.41,29.88,42.13
1775080800,3,267.07,2.41,44.62,29.29,41.47
1775084400,3,269.04,2.47,43.94,28.82,41.0
1775088000,3,269.96,2.5,43.48,28.28,40.48
1775091600,3,278.77,2.62,42.77,28.12,40.31
1775095200,3,297.2,2.37,44.5,29.05,41.45
1775098800,3,312.8,2.0,53.89,32.55,45.3
1775102400,3,324.1,1.43,68.1,40.76,54.1
1775106000,3,327.96,0.98,78.77,49.79,63.81
1775109600,4,325.86,0.73,84.92,55.83,70.54
1775113200,4,315.26,0.58,86.75,57.3,72.87
1775116800,4,290.28,0.47,83.09,53.83,70.38
1775120400,3,255.96,0.38,77.49,47.12,64.36
1775124000,3,218.1,0.31,72.34,38.39,55.33
1775127600,3,195.43,0.32,67.93,32.59,49.51
1775131200,3,181.83,0.39,64.34,28.66,45.51
1775134800,3,178.03,0.48,62.41,26.59,43.14
1775138400,3,185.07,0.69,61.47,25.99,41.97
1775142000,3,198.75,0.97,60.97,25.9,40.85
1775145600,3,213.09,1.22,60.51,25.95,39.72
1775149200,3,227.07,1.44,59.63,26.25,39.36
1775152800,3,238.64,1.6,58.45,26.58,39.19
1775156400,3,241.17,1.63,57.24,26.63,38.69
1775160000,3,239.89,1.61,56.74,26.59,38.23
1775163600,3,240.53,1.67,56.09,26.5,37.9
1775167200,3,243.33,1.81,54.78,26.28,37.53
1775170800,3,246.71,1.96,53.17,25.94,37.1
1775174400,3,247.63,2.09,51.56,25.37,36.42
1775178000,3,253.29,2.17,50.02,25.03,36.05
1775181600,3,264.74,1.97,51.42,25.59,36.88
1775185200,3,274.76,1.58,59.4,28.09,39.66
1775188800,3,281.12,1.11,70.47,33.51,45.43
1775192400,3,278.22,0.79,77.26,38.67,51.06
1775196000,3,270.43,0.63,79.61,41.2,54.34
1775199600,3,253.98,0.54,77.48,39.85,54.17
1775203200,3,225.76,0.45,69.61,34.55,50.38
1775206800,3,191.86,0.35,59.82,27.69,44.73
1775210400,2,161.12,0.23,51.51,21.03,36.81
1775214000,2,144.61,0.19,45.51,16.98,32.3
1775217600,2,136.11,0.19,42.13,14.36,28.57
1775221200,2,132.11,0.2,40.47,12.62,25.39
1775224800,2,131.66,0.22,39.51,11.55,23.5
1775228400,2,134.36,0.3,38.74,10.82,22.03
1775232000,2,139.48,0.42,37.61,10.28,20.52
1775235600,1,145.72,0.56,36.37,9.88,19.11
1775239200,1,152.14,0.7,35.08,9.55,17.89
1775242800,1,155.39,0.8,34.09,9.12,16.59
1775246400,1,157.72,0.86,33.23,8.79,15.77
1775250000,1,159.71,0.91,32.68,8.62,15.28
1775253600,1,161.91,0.97,32.14,8.55,15.0
1775257200,1,163.77,0.99,31.71,8.5,14.79
1775260800,1,163.36,0.96,31.58,8.41,14.62
1775264400,1,161.96,0.9,31.77,8.34,14.79
1775268000,1,163.98,0.73,33.29,8.65,15.77
1775271600,1,166.52,0.58,36.89,9.27,17.11
1775275200,2,166.85,0.43,40.83,10.17,18.7
1775278800,2,163.76,0.31,42.78,11.02,20.35
1775282400,2,158.06,0.24,42.82,11.44,21.66
1775286000,2,151.2,0.18,41.42,11.22,22.34
1775289600,2,142.66,0.13,38.75,10.52,22.25
1775293200,2,135.88,0.1,36.55,9.89,21.87
1775296800,2,132.43,0.09,35.52,9.58,21.3
1775300400,2,132.03,0.12,35.57,9.51,21.37
1775304000,2,132.42,0.17,35.36,9.32,21.08
1775307600,2,132.93,0.22,34.93,8.94,20.23
1775311200,1,134.87,0.3,34.85,8.55,19.04
1775314800,1,139.01,0.41,34.39,8.19,17.8
1775318400,1,144.39,0.56,33.22,7.87,16.62
1775322000,1,148.92,0.69,31.57,7.55,15.65
1775325600,1,153.28,0.81,29.77,7.28,14.91
1775329200,1,155.66,0.89,27.98,7.0,14.23
1775332800,1,156.41,0.89,26.58,6.79,13.85
1775336400,1,156.45,0.87,25.61,6.62,13.59
1775340000,1,155.28,0.81,24.93,6.43,13.29
1775343600,1,154.3,0.76,24.39,6.24,13.05
1775347200,1,152.61,0.7,24.05,6.04,12.83
1775350800,1,152.07,0.6,23.95,5.89,12.76
1775354400,1,156.35,0.52,24.97,6.0,13.21
1775358000,1,165.71,0.53,28.26,6.48,14.12
1775361600,1,171.5,0.46,33.3,7.4,15.68
1775365200,1,170.24,0.35,36.89,8.43,17.5
1775368800,1,165.49,0.26,37.78,9.03,18.84
1775372400,1,158.51,0.19,36.4,8.84,19.26
1775376000,1,149.13,0.13,33.15,8.02,18.91
1775379600,1,141.16,0.1,30.25,7.25,18.28
1775383200,1,136.93,0.09,28.89,6.84,17.38
1775386800,1,138.08,0.13,28.99,6.99,17.62
1775390400,1,140.81,0.22,29.26,7.11,17.65
1775394000,1,144.34,0.32,28.58,6.98,17.27
1775397600,1,148.25,0.46,27.43,6.76,16.75
1775401200,1,153.73,0.63,25.87,6.46,15.9
1775404800,1,157.68,0.77,23.95,5.98,14.47
1775408400,1,159.91,0.84,21.78,5.49,13.4
1775412000,1,161.63,0.87,19.92,5.05,12.57
1775415600,1,162.06,0.87,18.66,4.64,11.84
1775419200,1,160.69,0.82,18.27,4.29,11.29
1775422800,1,158.43,0.77,18.55,4.01,10.88
1775426400,1,155.5,0.7,19.21,3.76,10.52
1775430000,1,151.35,0.61,20.08,3.53,10.14
1775433600,1,146.49,0.49,20.97,3.3,9.79
1775523600,1,128.84,0.46,32.47,2.81,9.16
1775527200,1,133.87,0.42,33.17,3.1,10.11
1775530800,1,139.41,0.39,35.22,3.52,11.13
1775534400,1,142.98,0.32,37.78,4.2,12.46
1775538000,1,141.78,0.24,39.02,4.99,14.02
1775541600,1,138.13,0.18,38.94,5.57,15.32
1775545200,1,133.44,0.14,37.51,5.62,16.04
1775548800,1,127.1,0.11,34.48,5.06,15.73
1775552400,1,121.29,0.09,31.3,4.24,14.52
1775556000,1,117.85,0.08,29.01,3.47,12.8
1775559600,1,117.37,0.11,27.66,3.13,12.19
1775563200,1,118.9,0.18,26.97,2.99,11.85
1775566800,1,121.89,0.28,26.66,3.0,11.59
1775570400,1,128.44,0.46,26.89,3.15,11.27
1775574000,1,139.71,0.77,27.36,3.45,10.83
1775577600,1,152.56,1.1,27.94,3.84,10.42
1775581200,1,162.38,1.34,27.67,4.16,10.46
1775584800,1,167.85,1.46,27.37,4.3,10.35
1775588400,1,167.47,1.44,26.98,4.16,9.84
1775592000,1,164.39,1.35,26.73,3.9,9.25
1775595600,1,161.31,1.25,26.5,3.62,8.69
1775599200,1,160.72,1.2,26.16,3.41,8.25
1775602800,1,162.43,1.21,25.79,3.28,7.93
1775606400,1,165.74,1.25,25.32,3.22,7.74
1775610000,1,173.15,1.15,25.28,3.4,7.97
1775613600,1,186.58,1.03,27.89,4.1,9.04
1775617200,1,199.48,0.97,34.99,6.09,11.49
1775620800,1,203.0,0.74,43.39,9.52,15.41
1775624400,2,195.24,0.52,47.25,11.78,18.23
1775628000,2,184.52,0.39,47.16,12.19,19.41
1775631600,2,170.49,0.29,43.77,10.63,18.57
1775635200,1,154.02,0.2,37.72,7.92,15.83
1775638800,1,140.21,0.14,31.35,5.31,12.76
1775642400,1,131.59,0.11,25.95,3.44,10.32
1775646000,1,127.44,0.09,21.88,2.37,8.72
1775649600,1,126.35,0.1,19.22,1.75,7.32
1775653200,1,126.52,0.09,17.97,1.38,6.14
1775656800,1,128.04,0.1,17.52,1.22,5.63
1775660400,1,129.92,0.14,17.45,1.14,5.29
1775664000,1,133.55,0.22,17.28,1.1,4.98
1775667600,1,139.26,0.36,17.01,1.14,4.74
1775671200,1,147.98,0.56,16.57,1.22,4.51
1775674800,1,154.75,0.75,16.15,1.29,4.25
1775678400,1,158.36,0.86,15.91,1.32,4.04
1775682000,1,159.87,0.92,15.83,1.32,3.86
1775685600,1,160.3,0.95,15.76,1.28,3.62
1775689200,1,158.78,0.91,15.88,1.18,3.25
1775692800,1,156.38,0.83,15.98,1.07,2.94
1775696400,1,162.69,0.71,16.17,1.25,3.41
1775700000,1,178.91,0.73,18.59,1.88,4.76
1775703600,1,193.89,0.78,25.31,3.22,6.7
1775707200,1,201.62,0.66,33.95,5.65,9.7
1775710800,1,198.8,0.47,39.18,7.88,12.52
1775714400,1,188.97,0.33,40.27,8.56,13.59
1775718000,1,173.91,0.23,37.38,7.35,12.47
1775721600,1,159.05,0.16,32.1,5.29,10.4
1775725200,1,145.8,0.11,26.41,3.32,8.2
1775728800,1,135.98,0.08,20.96,1.72,5.77
1775732400,1,132.73,0.07,18.16,1.21,5.05
1775736000,1,131.57,0.08,16.78,0.99,4.67
1775739600,1,131.22,0.09,16.3,0.91,4.44
1775743200,1,131.5,0.1,16.5,0.93,4.53
1775746800,1,132.14,0.12,17.06,0.99,4.63
1775750400,1,133.8,0.17,17.9,1.06,4.64
1775754000,1,136.41,0.25,18.96,1.15,4.63
1775757600,1,140.15,0.35,20.15,1.27,4.58
1775761200,1,141.4,0.43,21.74,1.35,4.4
1775764800,1,140.32,0.44,23.48,1.41,4.29
1775768400,1,138.36,0.41,25.11,1.46,4.25
1775772000,1,137.48,0.39,26.77,1.53,4.22
1775775600,1,136.63,0.36,28.47,1.59,4.21
1775779200,1,136.14,0.32,29.93,1.66,4.24
1775782800,1,142.8,0.43,30.26,1.89,4.76
1775786400,1,165.38,0.7,30.51,2.53,5.93
1775790000,1,199.35,0.96,34.56,3.95,7.8
1775793600,1,228.33,0.99,42.95,6.92,11.18
1775797200,2,235.49,0.76,50.42,10.41,15.16
1775800800,2,232.31,0.56,55.41,13.4,18.87
1775804400,2,219.14,0.41,56.25,14.25,20.59
1775808000,2,196.54,0.3,51.81,12.38,19.42
1775811600,1,170.33,0.21,44.58,8.82,16.03
1775815200,1,145.66,0.12,37.31,4.9,10.58
1775818800,1,136.62,0.11,33.5,3.37,9.04
1775822400,1,134.13,0.15,32.58,2.88,8.71
1775826000,1,135.49,0.19,33.64,2.89,8.79
1775829600,1,139.42,0.25,35.57,3.14,9.12
1775833200,1,145.97,0.37,37.35,3.5,9.46
1775836800,1,153.05,0.51,38.61,3.79,9.38
1775840400,1,160.32,0.66,38.93,4.1,9.61
1775844000,1,168.31,0.82,38.96,4.39,9.88
1775847600,1,173.29,0.92,38.97,4.59,10.07
1775851200,1,173.53,0.9,39.29,4.64,10.19
1775854800,1,172.18,0.84,39.68,4.57,10.13
1775858400,1,171.02,0.8,39.95,4.44,9.86
1775862000,1,171.08,0.78,39.89,4.3,9.54
1775865600,1,171.5,0.79,39.61,4.18,9.25
1775869200,1,176.78,0.81,39.08,4.24,9.4
1775872800,1,189.38,0.82,40.32,4.71,10.21
1775876400,1,204.25,0.78,45.23,5.87,11.68
1775880000,1,215.84,0.67,51.85,8.48,14.81
1775883600,2,217.48,0.52,55.76,11.42,18.69
1775887200,2,211.95,0.4,56.43,13.01,21.52
1775890800,2,200.67,0.32,54.57,12.6,22.65
1775894400,2,185.43,0.24,50.91,10.6,21.9
1775898000,1,170.39,0.19,47.97,8.27,19.81
1775901600,1,160.16,0.18,47.75,6.34,16.52
1775905200,1,158.7,0.26,49.22,5.58,15.3
1775908800,1,161.95,0.46,50.96,5.36,14.74
1775912400,1,168.58,0.63,52.19,5.34,14.23
1775916000,1,177.04,0.79,53.16,5.37,13.4
1775919600,1,187.25,0.95,53.75,5.45,12.37
1775923200,1,192.15,0.96,54.48,5.52,11.16
1775926800,1,194.34,0.91,54.25,5.74,11.01
1775930400,1,195.14,0.84,53.88,6.11,11.48
1775934000,1,192.5,0.74,53.7,6.51,12.19
1775937600,1,190.63,0.66,54.46,7.04,13.08
1775941200,1,189.8,0.61,56.47,7.64,14.03
1775944800,1,190.4,0.59,59.3,8.25,14.92
1775948400,2,191.54,0.58,62.49,8.66,15.54
1775952000,2,191.81,0.57,65.6,8.8,15.81
1775955600,2,192.13,0.61,67.69,8.8,15.94
1775959200,2,198.64,0.62,69.29,8.93,16.36
1775962800,2,208.47,0.59,71.94,9.52,17.24
1775966400,2,219.08,0.54,75.32,11.27,19.78
1775970000,2,224.15,0.48,77.48,13.84,23.17
1775973600,2,224.68,0.45,78.65,16.2,25.88
1775977200,2,222.86,0.4,79.23,17.58,27.92
1775980800,2,211.93,0.33,76.1,16.7,28.09
1775984400,2,194.73,0.26,71.4,13.94,26.05
1775988000,2,175.91,0.21,66.08,10.45,21.84
1775991600,2,167.82,0.27,62.01,8.42,19.36
1775995200,1,165.46,0.42,58.76,7.39,17.77
1775998800,1,166.74,0.53,55.57,6.89,16.63
1776002400,1,169.93,0.63,52.23,6.64,15.88
1776006000,1,173.46,0.71,48.74,6.45,15.11
1776009600,1,175.85,0.74,46.65,6.33,14.18
1776013200,1,179.01,0.78,45.84,6.42,13.63
1776016800,1,183.58,0.85,45.25,6.65,13.46
1776020400,1,186.04,0.9,45.0,6.91,13.46
1776024000,1,185.15,0.86,45.68,7.25,13.93
1776027600,1,183.56,0.78,47.4,7.68,14.65
1776031200,1,182.86,0.73,50.15,8.24,15.49
1776034800,1,186.02,0.75,54.08,9.05,16.53
1776038400,1,189.54,0.82,57.86,9.93,17.79
1776042000,2,196.25,0.97,59.15,10.82,19.5
1776045600,2,208.57,0.98,60.34,11.87,21.63
1776049200,2,218.6,0.82,64.81,13.45,24.02
1776052800,2,223.65,0.61,69.86,15.95,27.19
1776056400,2,221.28,0.44,72.7,18.56,30.58
1776060000,2,212.98,0.33,73.22,20.05,32.98
1776063600,2,199.83,0.24,72.09,19.8,33.69
1776067200,2,182.73,0.18,69.11,18.16,32.88
1776070800,2,167.93,0.14,66.74,16.33,31.7
1776074400,2,158.15,0.13,66.28,14.91,30.1
1776078000,2,155.63,0.16,66.92,14.41,29.69
1776081600,2,156.25,0.23,67.79,14.15,29.08
1776085200,2,157.06,0.26,67.91,13.86,28.15
1776088800,2,159.12,0.3,67.67,13.69,27.53
1776092400,2,161.18,0.34,66.75,13.57,26.97
1776096000,2,163.39,0.39,65.22,13.44,26.37
1776099600,2,166.27,0.44,63.15,13.3,25.89
1776103200,2,168.97,0.49,60.85,13.16,25.46
1776106800,2,171.85,0.54,58.77,12.97,24.97
1776110400,2,173.86,0.58,57.52,12.77,24.57
1776114000,2,175.86,0.62,57.24,12.65,24.37
1776117600,2,178.24,0.69,58.03,12.68,24.42
1776121200,2,181.69,0.77,59.0,12.85,24.65
1776124800,2,185.66,0.87,59.87,13.07,24.9
1776128400,2,195.14,1.06,59.67,13.52,25.4
1776132000,2,211.49,1.1,60.45,14.34,26.39
1776135600,2,225.71,0.96,65.21,15.98,28.28
1776139200,2,236.54,0.74,71.99,19.15,31.79
1776142800,2,241.73,0.56,76.95,23.25,36.37
1776146400,3,240.6,0.45,79.12,26.57,40.29
1776150000,3,232.87,0.36,78.67,27.7,42.19
1776153600,3,215.42,0.28,75.18,26.2,41.45
1776157200,2,192.4,0.22,70.71,23.04,38.75
1776160800,2,168.78,0.15,66.87,19.03,34.01
1776164400,2,157.8,0.13,64.11,16.87,31.49
1776168000,2,152.58,0.14,62.62,15.8,30.11
1776171600,2,150.54,0.14,62.42,15.4,29.54
1776175200,2,151.33,0.15,62.61,15.47,29.75
1776178800,2,152.83,0.17,63.02,15.76,30.34
1776182400,2,155.0,0.2,63.5,16.11,30.99
1776186000,2,157.67,0.23,63.9,16.46,31.55
1776189600,2,161.4,0.27,64.37,16.76,31.91
1776193200,2,166.52,0.32,64.84,16.96,31.97
1776196800,2,170.41,0.35,65.3,17.01,31.76
1776200400,2,172.9,0.38,65.69,16.94,31.47
1776204000,2,174.54,0.4,65.94,16.88,31.25
1776207600,2,174.99,0.41,66.2,16.88,31.21
1776211200,2,174.9,0.42,66.54,16.97,31.32
1776214800,2,178.99,0.52,65.8,17.24,31.62
1776218400,2,189.16,0.59,65.13,17.8,32.54
1776222000,2,200.57,0.57,66.56,18.73,33.92
1776225600,2,209.23,0.47,69.08,20.15,35.8
1776229200,2,211.29,0.35,69.98,21.73,37.82
1776232800,2,208.62,0.28,69.31,23.02,39.46
1776236400,2,200.87,0.23,67.58,23.45,40.22
1776240000,2,188.08,0.19,64.51,22.76,39.93
1776243600,2,173.92,0.14,61.68,21.4,38.91
1776247200,2,159.88,0.1,60.0,19.77,36.69
1776250800,2,155.7,0.1,59.18,19.41,36.27
1776254400,2,154.84,0.13,59.11,19.56,36.38
1776258000,2,155.92,0.15,59.87,19.92,36.77
1776261600,2,158.25,0.19,60.12,20.33,37.39
1776265200,2,161.29,0.24,59.85,20.66,37.89
1776268800,2,165.74,0.33,59.43,20.84,38.12
1776272400,2,170.04,0.42,58.34,20.91,38.13
1776276000,2,174.34,0.5,57.56,20.9,37.98
1776279600,2,177.77,0.58,57.33,20.9,37.77
1776283200,2,178.04,0.59,58.15,20.93,37.73
1776286800,2,176.91,0.57,59.27,21.0,37.83
1776290400,2,175.08,0.55,60.43,21.06,37.93
1776294000,2,172.18,0.51,61.62,21.16,38.15
1776297600,2,169.29,0.48,63.0,21.25,38.34
1776301200,2,172.09,0.57,62.85,21.48,38.49
1776304800,2,184.27,0.68,62.74,22.08,39.1
1776308400,2,200.47,0.69,65.34,23.18,40.27
1776312000,3,214.85,0.59,69.87,25.27,42.43
1776315600,3,221.11,0.46,73.02,27.93,45.29
1776319200,3,221.77,0.38,74.07,30.4,48.21
1776322800,3,215.08,0.32,73.32,31.45,50.01
1776326400,3,199.5,0.25,69.88,30.24,49.37
1776330000,3,178.38,0.19,65.77,27.37,46.66
1776333600,2,156.71,0.13,62.24,23.84,42.32
1776337200,2,147.51,0.12,59.41,22.04,40.26
1776340800,2,142.49,0.13,57.78,20.92,38.88
1776344400,2,140.29,0.12,57.36,20.28,38.06
1776348000,2,139.52,0.14,57.25,19.89,37.65
1776351600,2,140.68,0.17,57.3,19.54,37.23
1776355200,2,145.67,0.27,57.11,19.43,36.82
1776358800,2,153.46,0.41,56.52,19.53,36.61
1776362400,2,163.53,0.59,55.43,19.73,36.4
1776366000,2,170.99,0.76,54.34,19.73,35.92
1776369600,2,173.01,0.82,53.81,19.43,35.22
1776373200,2,172.05,0.82,53.43,18.91,34.34
1776376800,2,169.87,0.8,52.82,18.27,33.37
1776380400,2,167.17,0.77,52.4,17.6,32.45
1776384000,2,163.77,0.73,52.36,16.95,31.61
1776387600,2,165.37,0.77,51.39,16.64,31.19
1776391200,2,174.96,0.79,51.29,16.85,31.58
1776394800,2,187.69,0.75,54.73,17.72,32.6
1776398400,2,199.84,0.63,60.85,19.74,34.84
1776402000,2,203.34,0.47,64.93,22.44,37.94
1776405600,2,198.44,0.36,66.22,24.46,40.49
1776409200,2,183.73,0.27,64.96,24.08,40.59
1776412800,2,166.75,0.21,61.44,22.23,38.97
1776416400,2,151.91,0.16,57.63,20.1,36.98
1776420000,2,140.85,0.12,54.69,18.4,35.34
1776423600,2,134.93,0.12,52.86,17.43,34.58
1776427200,2,132.33,0.14,52.12,16.96,34.27
1776430800,2,132.19,0.16,52.28,16.83,34.11
1776434400,2,134.07,0.2,52.71,16.85,34.1
1776438000,2,137.53,0.28,52.99,16.88,34.04
1776441600,2,145.1,0.42,52.68,16.97,33.87
1776445200,2,154.26,0.6,52.26,17.13,33.69
1776448800,2,164.65,0.8,51.76,17.35,33.5
1776452400,2,173.3,0.97,51.15,17.56,33.3
1776456000,2,177.05,1.03,50.84,17.68,33.22
1776459600,2,176.61,1.01,50.71,17.66,33.11
1776463200,2,175.32,0.98,50.59,17.6,32.98
1776466800,2,174.76,0.97,50.56,17.56,32.93
1776470400,2,175.07,0.99,50.64,17.56,32.92
1776474000,2,180.55,1.08,50.08,17.76,32.99
1776477600,2,190.64,1.02,51.26,18.37,33.63
1776481200,2,197.57,0.83,56.35,19.62,34.96
1776484800,2,200.59,0.6,62.62,21.67,37.18
1776488400,2,197.59,0.43,66.01,23.72,39.49
1776492000,2,190.06,0.33,66.32,24.77,40.89
1776495600,2,178.87,0.26,64.01,24.3,40.87
1776499200,2,164.73,0.2,59.83,22.72,39.71
1776502800,2,150.97,0.16,55.58,20.86,38.18
1776506400,2,139.76,0.13,52.58,19.35,36.66
1776510000,2,134.05,0.13,50.61,18.44,35.97
1776513600,2,131.48,0.15,49.88,17.94,35.66
1776517200,2,132.13,0.18,50.54,17.84,35.54
1776520800,2,135.06,0.24,50.85,17.81,35.64
1776524400,2,140.7,0.35,51.28,17.93,35.66
1776528000,2,149.15,0.51,51.61,18.11,35.47
1776531600,2,156.24,0.64,51.83,18.21,35.19
1776535200,2,160.89,0.72,51.9,18.1,34.68
1776538800,2,162.54,0.74,51.93,17.76,33.78
1776542400,2,162.24,0.72,51.94,17.31,32.88
1776546000,2,160.89,0.69,51.92,16.87,32.09
1776549600,2,159.21,0.65,52.17,16.43,31.31
1776553200,2,156.32,0.58,52.84,16.08,30.69
1776556800,2,153.6,0.5,54.26,15.92,30.33
1776560400,2,153.43,0.49,54.64,15.97,30.3
1776564000,2,157.57,0.48,54.72,16.23,30.79
1776567600,2,162.75,0.43,55.71,16.65,31.45
1776571200,2,166.3,0.34,57.54,17.25,32.39
1776574800,2,165.44,0.24,58.01,17.84,33.42
1776578400,2,160.73,0.18,56.9,18.33,34.32
1776582000,2,153.24,0.14,54.98,18.51,34.83
1776585600,2,147.0,0.11,52.76,18.5,35.22
1776589200,2,143.21,0.09,51.37,18.66,35.93
1776592800,2,142.62,0.08,51.39,19.11,36.91
1776596400,2,144.19,0.1,52.28,19.84,37.91
1776600000,2,147.33,0.14,54.07,20.89,39.0
1776603600,2,152.45,0.18,56.15,22.19,40.28
1776607200,2,157.99,0.23,58.03,23.54,41.71
1776610800,2,163.19,0.28,59.47,24.83,42.98
1776614400,3,168.57,0.35,60.49,25.89,43.88
1776618000,3,173.77,0.43,61.29,26.75,44.56
1776621600,3,179.33,0.51,61.79,27.37,44.89
1776625200,3,182.03,0.53,62.41,27.67,44.7
1776628800,3,182.9,0.51,63.31,27.96,44.65
1776632400,3,182.73,0.49,63.61,28.1,44.61
1776636000,3,182.4,0.47,64.59,28.45,44.74
1776639600,3,181.92,0.44,66.19,28.91,45.01
1776643200,3,180.92,0.41,67.56,29.28,45.27
1776646800,3,181.78,0.44,68.37,29.73,45.73
1776650400,3,185.89,0.46,68.04,30.31,46.86
1776654000,3,191.92,0.44,68.46,31.04,48.36
1776657600,3,196.16,0.38,69.23,31.8,49.87
1776661200,3,193.89,0.31,69.02,32.01,50.65
1776664800,3,188.13,0.24,67.91,31.8,50.81
1776668400,3,179.74,0.18,66.2,30.99,50.09
1776672000,3,170.45,0.13,63.43,29.6,48.59
1776675600,3,162.76,0.1,60.74,28.01,46.73
1776679200,3,157.61,0.09,59.2,26.62,44.72
1776682800,3,154.81,0.11,57.93,25.64,43.28
1776686400,3,153.57,0.13,57.63,25.0,42.08
1776690000,2,154.0,0.14,57.88,24.72,41.24
1776693600,2,155.93,0.16,58.85,24.8,40.98
1776697200,3,159.08,0.2,59.81,25.15,41.12
1776700800,3,163.07,0.27,60.32,25.5,41.29
1776704400,3,166.32,0.31,60.43,25.75,41.49
1776708000,3,166.43,0.31,60.1,25.71,41.42
1776711600,3,164.01,0.26,59.88,25.25,40.81
1776715200,2,159.94,0.2,60.01,24.55,39.98
1776718800,2,156.22,0.15,60.07,23.65,38.89
1776722400,2,153.77,0.12,60.67,22.71,37.69
1776726000,2,151.55,0.1,61.58,21.8,36.43
1776729600,2,150.03,0.1,62.8,20.97,35.23
1776733200,2,151.44,0.18,62.66,20.4,34.66
1776736800,2,157.53,0.29,61.45,20.04,34.67
1776740400,2,165.37,0.36,61.22,19.79,34.63
1776744000,2,170.89,0.36,61.72,19.66,34.55
1776747600,2,168.68,0.28,61.82,19.38,34.36
1776751200,2,160.72,0.21,60.89,18.76,33.63
1776754800,2,149.45,0.14,59.12,17.56,31.96
1776758400,2,138.53,0.11,56.39,16.05,30.28
1776762000,2,129.55,0.09,53.95,14.63,28.86
1776765600,2,122.81,0.08,52.41,13.42,27.46
1776769200,2,118.74,0.09,51.71,12.65,26.65
1776772800,2,116.41,0.1,51.64,12.18,26.04
1776776400,2,115.61,0.11,51.97,11.92,25.63
1776780000,2,115.72,0.14,51.95,11.69,25.41
1776783600,2,116.8,0.18,51.62,11.41,25.09
1776787200,2,119.6,0.25,51.03,11.14,24.61
1776790800,2,121.61,0.31,50.43,10.79,24.0
1776794400,2,122.39,0.36,49.53,10.26,23.11
1776798000,2,120.76,0.39,48.61,9.48,21.89
1776801600,2,118.13,0.38,48.45,8.76,20.84
1776805200,2,114.97,0.36,48.56,8.19,20.03
1776808800,1,113.5,0.36,49.17,7.92,19.52
1776812400,1,113.64,0.38,50.01,7.86,19.22
1776816000,1,113.95,0.42,50.11,7.76,18.91
1776819600,1,119.04,0.56,48.84,7.81,19.13
1776823200,1,129.79,0.64,47.64,8.01,19.81
1776826800,2,140.89,0.63,49.25,8.48,20.59
1776830400,2,149.99,0.53,52.71,9.59,22.01
1776834000,2,152.97,0.4,54.89,11.12,24.12
1776837600,2,147.75,0.3,55.1,12.25,25.94
1776841200,2,134.33,0.21,52.94,11.98,26.01
1776844800,2,119.88,0.15,48.84,10.69,25.17
1776848400,2,108.78,0.11,45.76,9.6,24.57
1776852000,2,103.93,0.09,45.44,9.33,23.97
1776855600,2,106.12,0.11,47.15,10.19,25.23
1776859200,2,109.95,0.16,48.83,11.1,26.44
1776862800,2,113.64,0.21,49.52,11.67,27.16
1776866400,2,117.81,0.26,49.67,12.07,27.76
1776870000,2,121.81,0.32,49.7,12.39,28.08
1776873600,2,124.85,0.35,49.74,12.58,27.99
1776877200,2,127.2,0.37,49.92,12.7,27.66
1776880800,2,129.21,0.39,49.92,12.67,27.11
1776884400,2,129.79,0.4,49.64,12.45,26.33
1776888000,2,130.68,0.41,49.31,12.19,25.7
1776891600,2,132.8,0.45,49.1,12.02,25.29
1776895200,2,135.98,0.51,49.04,11.93,25.05
1776898800,2,139.2,0.57,48.99,11.8,24.77
1776902400,2,141.9,0.62,48.87,11.61,24.46
1776906000,2,145.89,0.7,48.56,11.58,24.47
1776909600,2,152.74,0.72,48.67,11.77,25.0
1776913200,2,159.76,0.69,50.15,12.13,25.68
1776916800,2,164.14,0.62,52.16,12.62,26.51
1776920400,2,161.55,0.44,53.86,13.06,27.33
1776924000,2,154.08,0.28,54.33,13.18,27.77
1776927600,2,143.35,0.18,52.46,12.56,27.28
1776931200,2,132.12,0.12,48.63,11.37,26.28
1776934800,2,123.69,0.09,44.91,10.22,25.48
1776938400,2,119.16,0.07,42.85,9.41,24.74
1776942000,2,118.08,0.08,41.9,9.08,24.69
1776945600,2,118.73,0.09,41.85,8.95,24.37
1776949200,2,120.46,0.1,42.8,8.98,23.72
1776952800,2,122.91,0.12,43.66,9.17,23.43
1776956400,2,125.46,0.15,43.92,9.3,23.21
1776960000,2,128.04,0.19,43.8,9.32,22.74
1776963600,2,131.02,0.24,43.69,9.3,22.24
1776967200,2,133.92,0.29,43.47,9.24,21.7
1776970800,2,136.38,0.34,43.26,9.18,21.18
1776974400,2,137.12,0.36,43.31,9.11,20.75
1776978000,2,137.33,0.36,43.43,9.04,20.39
1776981600,2,137.92,0.37,44.35,9.08,20.13
1776985200,2,138.71,0.38,45.16,9.2,20.09
1776988800,2,139.16,0.39,45.38,9.32,20.22
1776992400,2,141.99,0.46,44.87,9.52,20.57
1776996000,2,150.54,0.54,44.5,9.84,21.25
1776999600,2,163.1,0.58,46.51,10.38,22.13
1777003200,2,175.94,0.66,49.67,11.2,23.21
1777006800,2,182.07,0.72,50.26,11.8,24.14
1777010400,2,183.13,0.69,50.11,12.22,24.94
1777014000,2,178.27,0.61,49.69,12.23,25.24
1777017600,2,167.16,0.48,49.35,11.7,24.44
1777021200,2,153.8,0.35,49.31,10.96,23.07
1777024800,2,142.46,0.25,49.29,10.21,21.61
1777028400,2,134.66,0.2,48.7,9.46,20.4
1777032000,1,129.13,0.16,48.15,8.73,19.29
1777035600,1,125.19,0.11,48.58,8.12,18.05
1777039200,1,123.98,0.09,48.88,7.78,17.54
1777042800,1,123.29,0.09,48.81,7.59,17.46
1777046400,1,122.58,0.1,48.5,7.51,17.56
1777050000,1,122.54,0.11,48.26,7.55,17.76
1777053600,1,123.11,0.13,48.13,7.68,18.05
1777057200,1,125.08,0.16,48.75,8.0,18.34
1777060800,1,127.41,0.18,49.89,8.42,18.62
1777064400,1,129.38,0.2,50.74,8.73,18.83
1777068000,1,132.53,0.23,51.11,8.97,18.98
1777071600,1,137.46,0.31,50.97,9.18,19.13
1777075200,1,143.71,0.42,50.75,9.38,19.31
1777078800,1,154.4,0.64,49.44,9.71,19.56
1777082400,2,170.72,0.85,48.43,10.29,20.19
1777086000,2,188.07,0.91,50.38,11.28,21.23
1777089600,2,202.64,0.8,56.23,13.34,23.49
1777093200,2,207.12,0.59,61.82,16.19,26.47
1777096800,2,203.56,0.43,64.87,18.5,28.72
1777100400,2,194.33,0.33,65.04,19.13,29.21
1777104000,2,184.7,0.27,63.4,18.83,28.96
1777107600,2,171.08,0.23,60.19,17.15,27.37
1777111200,2,155.72,0.2,56.22,14.64,24.89
1777114800,2,142.24,0.19,51.93,12.29,22.34
1777118400,2,131.18,0.18,48.12,10.41,20.03
1777122000,1,123.35,0.13,45.99,9.12,18.09
1777125600,1,120.57,0.12,44.76,8.47,17.07
1777129200,1,119.19,0.11,43.93,8.08,16.42
1777132800,1,118.11,0.11,43.36,7.79,15.9
1777136400,1,117.42,0.11,43.13,7.55,15.42
1777140000,1,116.99,0.1,43.17,7.34,14.93
1777143600,1,116.48,0.1,43.33,7.16,14.48
1777147200,1,116.05,0.1,43.41,7.07,14.27
1777150800,1,116.23,0.1,43.41,7.07,14.27
1777154400,1,119.34,0.12,43.58,7.11,14.25
1777158000,1,124.25,0.16,44.29,7.14,14.1
1777161600,1,130.91,0.23,45.11,7.29,14.15
1777165200,1,145.37,0.43,44.93,7.68,14.56
1777168800,1,163.49,0.6,45.09,8.26,15.27
1777172400,1,177.03,0.58,48.32,9.06,16.18
1777176000,2,186.01,0.48,53.27,10.37,17.6
1777179600,2,189.57,0.41,56.5,11.92,19.21
1777183200,2,188.23,0.34,58.48,13.41,20.66
1777186800,2,183.89,0.27,59.44,14.7,21.91
1777190400,2,176.38,0.24,58.45,15.17,22.34
1777194000,2,165.06,0.21,56.19,14.48,21.6
1777197600,2,150.18,0.18,52.99,12.34,19.25
1777201200,2,139.46,0.18,50.34,10.57,17.27
1777204800,1,130.93,0.18,48.36,9.27,15.74
1777208400,1,124.36,0.14,47.33,8.23,14.34
1777212000,1,122.18,0.13,46.8,7.65,13.53
1777215600,1,121.49,0.12,46.69,7.2,12.8
1777219200,1,121.71,0.11,47.08,6.78,11.94
1777222800,1,123.05,0.1,47.88,6.44,11.18
1777226400,1,124.38,0.1,48.56,6.23,10.67
1777230000,1,125.81,0.11,48.76,6.15,10.47
1777233600,1,128.22,0.12,48.59,6.19,10.54
1777237200,1,132.11,0.16,47.97,6.29,10.76
1777240800,1,138.22,0.23,47.03,6.44,11.01
1777244400,1,144.3,0.3,46.21,6.56,11.19
1777248000,1,149.16,0.36,45.66,6.62,11.31
1777251600,1,156.88,0.43,44.65,6.8,11.63
1777255200,1,165.69,0.45,44.92,7.14,12.24
1777258800,1,170.29,0.39,47.62,7.56,12.87
1777262400,1,173.16,0.32,51.11,8.21,13.66
1777266000,1,172.71,0.26,53.29,9.02,14.48
1777269600,1,170.0,0.22,53.78,9.84,15.24
1777273200,2,165.31,0.2,52.65,10.28,15.64
1777276800,2,158.68,0.18,50.5,10.08,15.4
1777280400,1,150.31,0.16,48.05,9.22,14.45
1777284000,1,141.54,0.13,45.94,7.44,12.19
1777287600,1,136.51,0.12,43.86,6.67,11.34
1777291200,1,132.01,0.12,42.37,6.23,10.82
1777294800,1,128.25,0.09,42.7,5.85,9.97
1777298400,1,127.24,0.09,43.18,5.7,9.64
1777302000,1,127.27,0.09,43.34,5.62,9.49
1777305600,1,127.09,0.09,43.21,5.51,9.32
1777309200,1,127.21,0.09,43.04,5.44,9.18
1777312800,1,127.34,0.09,43.01,5.39,9.08
1777316400,1,127.38,0.09,42.99,5.37,9.06
1777320000,1,127.34,0.09,43.12,5.36,9.06
1777323600,1,126.77,0.08,43.14,5.36,9.06
1777327200,1,125.68,0.08,43.41,5.27,8.85
1777330800,1,125.0,0.07,43.61,5.14,8.59
1777334400,1,124.42,0.07,43.62,5.01,8.32
1777338000,1,125.97,0.11,42.71,5.0,8.46
1777341600,1,130.25,0.16,41.67,5.16,9.06
1777345200,1,135.05,0.19,41.57,5.34,9.66
1777348800,1,139.66,0.2,42.47,5.57,10.23
1777352400,1,142.32,0.18,42.95,5.78,10.62
1777356000,1,143.5,0.17,42.88,5.91,10.8
1777359600,1,141.7,0.15,42.09,5.77,10.43
1777363200,1,138.69,0.14,40.56,5.51,9.96
1777366800,1,134.2,0.12,38.99,5.09,9.27
1777370400,1,129.13,0.1,37.79,4.52,8.24
1777374000,1,126.07,0.11,36.95,4.09,7.53
1777377600,1,124.31,0.11,36.23,3.8,7.03
1777381200,1,123.17,0.1,35.76,3.58,6.56
1777384800,1,123.68,0.1,35.38,3.5,6.45
1777388400,1,124.29,0.1,35.14,3.45,6.41
1777392000,1,124.51,0.11,34.93,3.41,6.35
1777395600,1,125.13,0.11,34.93,3.35,6.23
1777399200,1,126.09,0.11,35.01,3.29,6.08
1777402800,1,128.0,0.12,35.19,3.15,5.75
1777406400,1,129.1,0.12,35.33,3.02,5.47
1777410000,1,129.51,0.11,35.4,2.93,5.28
1777413600,1,132.83,0.11,36.22,2.67,4.74
1777417200,1,138.29,0.11,37.96,2.28,3.99
1777420800,1,142.35,0.12,38.87,2.04,3.51
1777424400,1,149.04,0.24,38.32,2.08,3.64
1777428000,1,153.11,0.33,37.48,2.21,4.13
1777431600,1,155.09,0.35,36.97,2.38,4.71
1777435200,1,154.93,0.3,37.39,2.57,5.23
1777438800,1,152.44,0.24,37.56,2.69,5.44
1777442400,1,147.52,0.17,36.95,2.72,5.31
1777446000,1,141.7,0.13,35.7,2.65,4.81
1777449600,1,138.47,0.12,34.26,2.59,4.49
1777453200,1,136.82,0.13,33.08,2.53,4.33
1777456800,1,136.0,0.12,32.55,2.45,4.33
1777460400,1,134.63,0.14,32.37,2.32,4.25
1777464000,1,132.65,0.15,32.49,2.12,3.91
1777467600,1,130.1,0.12,33.48,1.82,3.19
1777471200,1,129.67,0.12,34.29,1.61,2.85
1777474800,1,129.69,0.13,35.02,1.45,2.63
1777478400,1,129.23,0.14,35.49,1.33,2.49
1777482000,1,130.22,0.15,35.72,1.27,2.43
1777485600,1,135.32,0.21,35.66,1.29,2.45
1777489200,1,143.22,0.32,35.33,1.39,2.58
1777492800,1,152.7,0.46,34.67,1.56,2.82
1777496400,1,163.06,0.62,33.97,1.77,3.13
1777500000,1,171.67,0.76,33.23,1.94,3.38
1777503600,1,172.23,0.75,33.05,1.93,3.32
1777507200,1,167.38,0.64,33.13,1.79,3.12
1777510800,1,165.09,0.58,32.79,1.72,3.11
1777514400,1,167.11,0.53,32.78,1.81,3.49
1777518000,1,174.03,0.49,35.01,2.13,4.22
1777521600,1,182.13,0.43,39.7,2.8,5.43
1777525200,1,185.67,0.36,43.41,3.68,6.88
1777528800,1,186.58,0.3,45.36,4.66,8.47
1777532400,1,183.96,0.26,45.06,5.27,9.7
1777536000,1,177.83,0.23,42.73,5.16,10.14
1777539600,1,170.15,0.2,39.74,4.45,9.78
1777543200,1,161.21,0.18,36.59,3.21,7.98
1777546800,1,158.63,0.21,34.55,2.49,6.74
1777550400,1,157.09,0.22,33.14,1.94,5.39
1777554000,1,155.42,0.18,32.71,1.56,4.16
1777557600,1,155.01,0.17,32.02,1.39,3.75
1777561200,1,154.6,0.15,31.04,1.25,3.49
1777564800,1,153.64,0.13,30.2,1.13,3.24
1777568400,1,154.59,0.13,29.73,1.09,3.16
1777572000,1,159.72,0.19,29.29,1.15,3.28
1777575600,1,170.31,0.36,29.05,1.34,3.46
1777579200,1,180.25,0.55,28.82,1.53,3.6
1777582800,1,190.73,0.75,28.4,1.73,3.74
1777586400,1,204.55,1.05,27.54,2.05,4.07
1777590000,1,218.37,1.37,26.51,2.4,4.49
1777593600,1,226.08,1.57,25.74,2.61,4.71
1777597200,1,240.23,1.76,24.84,3.03,5.44
1777600800,1,258.33,1.63,26.53,3.79,6.64
1777604400,1,268.86,1.42,34.88,5.54,8.67
1777608000,1,274.57,1.12,48.43,9.99,13.36
1777611600,2,273.37,0.83,59.18,15.71,19.29
1777615200,2,266.59,0.65,65.05,19.5,23.25
1777618800,2,243.53,0.49,62.83,17.1,20.77
1777622400,2,219.92,0.38,57.61,13.26,16.88
1777626000,1,197.94,0.29,51.17,9.47,12.93
1777629600,1,177.67,0.21,43.32,5.74,8.85
1777633200,1,165.34,0.19,36.66,3.5,6.48
1777636800,1,157.7,0.18,31.52,2.29,5.1
1777640400,1,153.95,0.14,28.4,1.63,4.07
1777644000,1,153.75,0.12,26.9,1.33,3.55
1777647600,1,154.77,0.12,26.33,1.16,3.19
1777651200,1,155.72,0.11,26.25,1.06,2.91
1777654800,1,156.93,0.11,26.45,1.0,2.69
1777658400,1,158.32,0.1,26.79,0.96,2.48
1777662000,1,159.68,0.09,27.16,0.93,2.3
1777665600,1,160.66,0.08,27.46,0.91,2.23
1777669200,1,161.11,0.07,27.45,0.92,2.29
1777672800,1,162.19,0.07,27.34,0.93,2.39
1777676400,1,163.19,0.08,27.29,0.94,2.42
1777680000,1,167.52,0.14,27.2,1.01,2.5
1777683600,1,179.87,0.35,26.34,1.28,2.92
1777687200,1,185.57,0.42,26.06,1.45,3.37
1777690800,1,184.29,0.34,27.17,1.5,3.59
1777694400,1,181.71,0.25,29.72,1.58,3.75
1777698000,1,178.33,0.21,31.18,1.66,3.86
1777701600,1,174.1,0.18,31.31,1.72,3.9
1777705200,1,168.95,0.16,30.88,1.71,3.85
1777708800,1,161.68,0.14,29.72,1.6,3.74
1777712400,1,153.9,0.11,28.13,1.42,3.53
1777716000,1,146.57,0.08,26.41,1.2,3.1
1777719600,1,141.93,0.07,25.23,1.12,2.92
1777723200,1,138.32,0.07,24.66,1.07,2.75
1777726800,1,134.49,0.06,24.73,1.03,2.53
1777730400,1,132.6,0.05,25.01,1.04,2.53
1777734000,1,131.41,0.05,25.22,1.06,2.6
1777737600,1,130.26,0.05,25.27,1.08,2.64
1777741200,1,129.78,0.05,25.31,1.08,2.66
1777744800,1,129.73,0.06,25.32,1.09,2.65
1777748400,1,129.83,0.06,25.36,1.1,2.65
1777752000,1,130.43,0.06,25.75,1.08,2.6
1777755600,1,130.77,0.06,26.27,1.05,2.51
1777759200,1,131.4,0.06,26.83,1.02,2.44
1777762800,1,132.32,0.06,27.29,1.01,2.4
1777766400,1,133.68,0.07,27.75,1.01,2.37
1777770000,1,139.35,0.14,27.57,1.14,2.67
1777773600,1,147.92,0.23,28.02,1.39,3.26
1777777200,1,154.66,0.28,30.14,1.68,3.88
1777780800,1,159.3,0.29,33.33,2.03,4.47
1777784400,1,160.8,0.26,35.43,2.38,4.96
1777788000,1,160.91,0.25,36.36,2.7,5.39
1777791600,1,160.12,0.23,36.36,2.96,5.86
1777795200,1,157.73,0.21,35.34,3.01,6.18
1777798800,1,153.87,0.18,33.64,2.8,6.05
1777802400,1,149.64,0.15,31.71,2.41,5.42
1777806000,1,147.88,0.15,30.37,2.13,4.96
1777809600,1,147.51,0.16,29.49,1.92,4.56
1777813200,1,146.63,0.14,29.26,1.75,4.11
1777816800,1,146.99,0.14,29.41,1.63,3.8
1777820400,1,146.81,0.13,29.63,1.49,3.4
1777824000,1,146.57,0.12,29.69,1.32,2.95
1777827600,1,148.17,0.14,29.36,1.24,2.74
1777831200,1,151.51,0.18,28.8,1.22,2.63
1777834800,1,155.72,0.24,28.21,1.23,2.57
1777838400,1,159.22,0.29,27.61,1.26,2.54
1777842000,1,161.5,0.33,27.24,1.27,2.49
1777845600,1,164.15,0.4,27.07,1.3,2.46
1777849200,1,166.48,0.46,26.88,1.34,2.45
1777852800,1,167.77,0.49,26.72,1.36,2.46
1777856400,1,181.38,0.64,26.42,1.69,2.91
1777860000,1,207.99,0.9,28.1,2.51,4.01
1777863600,1,239.11,1.09,34.18,4.26,6.09
1777867200,1,263.57,0.99,45.38,8.42,10.55
1777870800,2,265.86,0.74,54.47,13.58,15.82
1777874400,2,257.7,0.56,58.96,16.88,19.09
1777878000,2,246.32,0.47,60.62,18.14,20.33
1777881600,2,233.12,0.41,60.61,17.65,19.87
1777885200,2,217.19,0.38,58.63,15.6,17.85
1777888800,2,201.65,0.36,54.7,12.58,14.89
1777892400,1,185.24,0.35,48.73,9.1,11.46
1777896000,1,168.65,0.32,41.2,5.74,7.96
1777899600,1,152.44,0.18,33.6,3.01,4.62
1777903200,1,147.92,0.14,29.91,2.05,3.53
1777906800,1,146.52,0.13,27.51,1.6,3.02
1777910400,1,145.58,0.12,25.67,1.35,2.74
1777914000,1,146.16,0.12,24.22,1.22,2.66
1777917600,1,149.52,0.14,22.67,1.18,2.71
1777921200,1,157.79,0.22,21.02,1.24,2.83
1777924800,1,168.01,0.39,19.68,1.36,2.96
1777928400,1,179.98,0.65,18.67,1.54,3.11
1777932000,1,194.95,1.07,17.76,1.82,3.35
1777935600,1,208.74,1.55,16.99,2.13,3.61
1777939200,1,218.88,1.87,16.53,2.39,3.81
1777942800,1,245.96,1.81,16.94,3.21,4.84
1777946400,1,294.45,2.08,21.02,5.52,7.65
1777950000,2,343.01,2.56,34.47,13.18,15.84
1777953600,3,374.41,2.37,57.58,33.78,36.9
1777957200,4,381.41,1.73,75.75,52.8,56.22
1777960800,4,366.46,1.33,83.15,58.41,61.89
1777964400,3,314.56,1.02,75.27,46.7,49.82
1777968000,3,289.64,0.83,73.12,41.33,44.48
1777971600,3,269.99,0.71,71.76,36.5,39.74
1777975200,3,246.78,0.65,67.82,29.97,33.24
1777978800,2,217.72,0.61,59.78,21.69,24.9
1777982400,2,186.21,0.51,49.79,13.52,16.53
1777986000,1,158.71,0.3,40.67,7.15,9.34
1777989600,1,149.47,0.26,35.19,4.84,7.04
1777993200,1,144.21,0.24,31.05,3.57,5.82
1777996800,1,139.94,0.23,27.64,2.74,4.97
1778000400,1,138.05,0.25,25.14,2.26,4.44
1778004000,1,141.38,0.32,23.13,2.08,4.21
1778007600,1,152.55,0.54,21.31,2.2,4.29
1778011200,1,166.51,0.87,19.73,2.46,4.55
1778014800,1,182.23,1.27,18.46,2.8,4.91
1778018400,1,198.37,1.73,18.32,3.16,5.17
1778022000,1,219.33,2.33,18.17,3.73,5.75
1778025600,1,241.54,2.82,17.72,4.38,6.5
1778029200,1,289.49,2.84,17.94,5.98,8.55
1778032800,1,360.53,3.2,21.46,9.5,12.81
1778036400,2,426.14,3.83,34.69,19.59,23.63
1778040000,3,475.15,3.66,61.79,48.8,53.57
1778043600,5,494.5,2.51,89.5,81.67,87.03
1778047200,5,479.07,1.6,105.64,94.05,99.5
1778050800,5,423.79,1.06,108.97,87.33,92.24
1778054400,5,398.56,0.87,110.31,83.47,88.42
1778058000,5,366.47,0.76,106.74,75.69,80.54
1778061600,4,330.92,0.73,99.1,64.64,69.33
1778065200,4,301.17,0.76,91.54,54.93,59.45
1778068800,3,268.12,0.75,82.94,43.94,48.04
1778072400,3,213.72,0.51,67.54,27.93,30.95
1778076000,2,186.89,0.41,57.55,19.38,21.89
1778079600,2,170.95,0.35,50.61,14.34,16.55
1778083200,2,158.72,0.3,44.51,10.73,12.7
1778086800,1,151.46,0.27,40.01,8.55,10.4
1778090400,1,145.59,0.25,36.45,7.03,8.86
1778094000,1,140.58,0.25,33.03,5.63,7.45
1778097600,1,138.02,0.27,29.91,4.5,6.28
1778101200,1,141.36,0.36,27.16,3.83,5.6
1778104800,1,152.59,0.6,24.53,3.6,5.41
1778108400,1,169.47,0.99,22.09,3.63,5.52
1778112000,1,189.0,1.42,19.97,3.79,5.75
1778115600,1,223.2,1.58,19.22,4.56,6.75
1778119200,1,267.62,1.82,22.66,6.62,9.18
1778122800,2,304.31,2.13,33.57,13.02,15.9
1778126400,3,320.89,1.85,50.9,28.14,31.32
1778130000,3,308.19,1.21,63.24,39.47,42.85
1778133600,3,275.3,0.77,65.41,39.18,42.67
1778137200,3,236.85,0.49,61.64,32.74,36.25
1778140800,3,214.65,0.39,57.98,27.13,30.71
1778144400,2,197.88,0.35,53.92,22.01,25.55
1778148000,2,184.58,0.35,49.88,17.49,20.87
1778151600,2,172.29,0.38,45.46,13.45,16.5
1778155200,1,159.83,0.41,40.82,9.71,12.25
1778158800,1,148.79,0.36,36.83,6.59,8.52
1778162400,1,144.89,0.34,34.47,5.07,6.82
1778166000,1,143.41,0.35,32.85,4.13,5.75
1778169600,1,142.4,0.35,31.63,3.48,5.01
1778173200,1,142.89,0.38,30.69,3.05,4.5
1778176800,1,145.29,0.46,29.72,2.77,4.15
1778180400,1,150.34,0.58,28.83,2.52,3.8
1778184000,1,157.36,0.77,27.21,2.42,3.73
1778187600,1,165.78,1.01,25.47,2.43,3.81
1778191200,1,184.85,1.49,23.81,2.75,4.24
1778194800,1,214.95,2.22,21.48,3.41,5.15
1778198400,1,246.48,2.91,19.11,4.18,6.22
1778202000,1,282.23,2.74,18.55,5.29,7.77
1778205600,1,311.03,2.72,20.3,6.86,9.85
1778209200,1,325.9,2.76,26.22,9.74,13.14
1778212800,2,324.33,2.39,39.29,17.83,21.62
1778216400,3,309.84,1.71,52.36,28.35,32.56
1778220000,3,289.66,1.21,59.2,33.04,37.71
1778223600,3,265.63,0.92,60.53,32.04,37.19
1778227200,3,236.55,0.72,57.68,27.65,32.95
1778230800,2,204.42,0.56,52.56,21.48,26.4
1778234400,2,168.68,0.38,46.2,14.11,17.61
1778238000,1,151.6,0.35,41.66,9.8,12.88
1778241600,1,142.49,0.35,38.52,7.23,10.11
1778245200,1,136.67,0.31,36.2,5.65,8.31
1778248800,1,132.95,0.28,34.63,4.65,7.13
1778252400,1,130.95,0.25,33.68,3.99,6.33
1778256000,1,129.6,0.23,33.06,3.55,5.74
1778259600,1,129.4,0.22,32.61,3.26,5.33
1778263200,1,129.9,0.23,32.27,3.08,5.04
1778266800,1,132.31,0.28,32.11,2.99,4.9
1778270400,1,135.94,0.36,31.99,2.98,4.86
1778274000,1,140.6,0.45,31.84,3.03,4.87
1778277600,1,145.92,0.52,31.83,3.1,4.75
1778281200,1,148.43,0.5,31.99,3.07,4.47
1778284800,1,150.08,0.47,32.27,3.02,4.23
1778288400,1,152.87,0.41,31.93,3.01,4.12
1778292000,1,155.23,0.37,31.77,3.09,4.17
1778295600,1,156.54,0.35,31.67,3.17,4.26
1778299200,1,157.71,0.32,31.21,3.26,4.39
1778302800,1,159.77,0.25,31.16,3.41,4.54
1778306400,1,163.24,0.19,31.26,3.62,4.71
1778310000,1,168.22,0.15,31.43,3.92,5.16
1778313600,1,175.37,0.19,31.48,4.23,5.61
1778317200,1,182.33,0.23,31.67,4.47,5.79
1778320800,1,189.79,0.28,32.31,4.67,5.85
1778324400,1,193.96,0.32,32.53,4.71,5.72
1778328000,1,195.0,0.31,32.94,4.59,5.39
1778331600,1,193.81,0.19,34.4,4.22,4.68
1778335200,1,195.27,0.16,35.39,3.9,4.26
1778338800,1,196.38,0.15,36.0,3.57,3.9
1778342400,1,198.19,0.12,37.02,3.03,3.3
1778346000,1,202.44,0.09,38.26,2.51,2.72
1778349600,1,205.47,0.08,38.91,2.24,2.43
1778353200,1,208.86,0.08,39.63,1.96,2.14
1778356800,1,212.09,0.08,39.99,1.85,2.03
1778360400,1,214.79,0.09,40.11,1.88,2.07
1778364000,1,217.79,0.09,40.26,1.96,2.16
1778367600,1,222.48,0.1,40.55,2.13,2.34
1778371200,1,228.4,0.09,40.98,2.35,2.59
1778374800,1,234.41,0.09,41.35,2.61,2.92
1778378400,1,242.1,0.09,41.85,2.9,3.29
1778382000,1,249.46,0.08,42.35,3.2,3.66
1778385600,1,253.76,0.06,42.29,3.5,3.98
1778389200,1,256.56,0.06,42.0,3.76,4.2
1778392800,1,257.95,0.06,41.37,3.99,4.36
1778396400,1,260.68,0.08,40.63,4.36,4.75
1778400000,1,262.83,0.14,40.18,4.76,5.24
1778403600,1,267.07,0.24,40.66,5.13,5.68
1778407200,1,276.9,0.39,42.79,5.76,6.42
1778410800,1,290.05,0.66,44.04,6.56,7.34
1778414400,1,303.89,0.96,44.43,7.33,8.23
1778418000,1,311.85,1.09,44.39,7.81,8.81
1778421600,1,310.97,1.04,43.71,7.87,8.89
1778425200,1,299.1,0.84,43.41,7.45,8.36
1778428800,1,263.79,0.38,44.19,5.93,6.37
1778432400,1,249.72,0.31,43.68,5.21,5.58
1778436000,1,244.04,0.32,43.25,4.96,5.33
1778439600,1,241.46,0.34,43.22,4.84,5.18
1778443200,1,237.45,0.32,43.37,4.66,4.96
1778446800,1,231.35,0.26,43.66,4.42,4.7
1778450400,1,225.42,0.21,44.19,4.07,4.32
1778454000,1,218.98,0.15,45.28,3.56,3.83
1778457600,1,214.12,0.11,46.48,3.24,3.59
1778547600,1,160.12,0.16,47.73,1.88,2.25
1778551200,1,161.28,0.16,48.64,1.99,2.34
1778554800,1,162.97,0.15,49.29,2.17,2.54
1778558400,1,163.19,0.13,49.38,2.38,2.76
1778562000,1,163.34,0.12,49.43,2.59,2.99
1778565600,1,162.61,0.1,49.33,2.78,3.22
1778569200,1,160.28,0.1,49.23,2.91,3.38
1778572800,1,157.07,0.11,48.74,2.93,3.38
1778576400,1,154.04,0.11,48.07,2.9,3.32
1778580000,1,152.67,0.12,47.65,2.88,3.27
1778583600,1,150.17,0.14,47.03,2.78,3.16
1778587200,1,148.37,0.15,46.61,2.65,3.01
1778590800,1,148.35,0.15,46.49,2.59,2.96
1778594400,1,150.64,0.14,46.68,2.63,3.04
1778598000,1,154.32,0.14,47.02,2.76,3.21
1778601600,1,159.37,0.13,47.54,2.97,3.43
1778605200,1,165.46,0.13,48.14,3.28,3.71
1778608800,1,171.72,0.12,48.69,3.65,4.07
1778612400,1,176.89,0.13,49.09,3.98,4.39
1778616000,1,180.46,0.13,49.28,4.25,4.64
1778619600,1,182.3,0.13,49.16,4.45,4.81
1778623200,1,182.79,0.14,48.67,4.56,4.91
1778626800,1,185.96,0.15,48.3,4.7,5.04
1778630400,1,190.72,0.16,48.08,4.86,5.2
1778634000,1,313.02,3.23,38.37,8.59,9.53
1778637600,1,318.18,2.98,38.79,8.72,9.76
1778641200,1,311.4,2.57,40.15,8.76,9.8
1778644800,1,253.06,1.34,44.09,7.53,8.37
1778648400,1,231.34,0.84,45.12,7.58,8.46
1778652000,1,226.82,0.66,45.06,8.04,8.94
1778655600,1,249.09,1.07,44.32,9.5,10.63
1778659200,2,287.35,1.91,42.16,11.5,13.05
1778662800,2,316.91,2.69,39.55,12.68,14.62
1778666400,2,329.68,3.23,36.53,12.41,14.62
1778670000,2,317.97,3.29,33.38,10.59,12.87
1778673600,1,285.97,2.83,31.39,7.83,9.82
1778677200,1,235.24,1.71,31.27,4.54,5.51
1778680800,1,237.12,1.74,29.4,3.9,4.77
1778684400,1,243.9,1.96,27.63,3.82,4.67
1778688000,1,260.83,2.56,25.49,4.33,5.31
1778691600,1,287.92,3.44,22.99,5.43,6.63
1778695200,1,306.62,4.05,20.72,6.35,7.62
1778698800,1,313.67,4.37,18.7,6.89,8.19
1778702400,1,309.58,4.39,17.35,6.87,8.08
1778706000,1,291.82,4.09,16.78,6.22,7.26
1778709600,1,259.7,3.49,16.95,5.07,5.94
1778713200,1,236.85,3.08,16.83,4.33,5.13
1778716800,1,215.07,2.66,16.76,3.65,4.43
1778720400,1,186.34,2.03,17.3,2.82,3.62
1778724000,1,180.22,1.84,17.45,2.63,3.48
1778727600,1,178.49,1.7,17.71,2.45,3.32
1778731200,1,163.3,1.31,18.82,2.02,2.77
1778734800,1,155.34,1.16,19.95,2.07,2.8
1778738400,1,150.85,1.04,20.9,2.28,3.04
1778742000,1,146.0,0.96,21.54,2.49,3.28
1778745600,1,144.66,0.99,21.26,2.43,3.28
1778749200,1,147.51,1.06,20.74,2.21,3.18
1778752800,1,156.71,1.16,20.82,2.07,3.19
1778756400,1,170.87,1.32,21.35,2.08,3.26
1778760000,1,184.18,1.49,22.07,2.15,3.33
1778763600,1,203.89,1.88,22.02,2.58,3.86
1778767200,1,232.17,2.58,20.97,3.49,5.06
1778770800,1,255.97,3.24,19.52,4.47,6.31
1778774400,1,268.21,3.68,18.02,5.13,7.02
1778778000,1,256.93,3.6,17.13,4.97,6.58
1778781600,1,215.01,2.85,17.34,3.77,5.0
1778785200,1,146.86,1.51,18.59,1.97,2.93
1778788800,1,137.89,1.6,17.72,1.93,2.91
1778792400,1,138.19,1.82,17.23,2.07,3.08
1778796000,1,141.51,2.01,17.46,2.18,3.2
1778799600,1,141.56,2.04,18.29,2.13,3.11
1778803200,1,138.46,1.92,19.57,1.97,2.88
1778806800,1,132.67,1.64,20.93,1.75,2.68
1778810400,1,129.09,1.35,21.95,1.65,2.62
1778814000,1,124.82,1.1,22.87,1.6,2.59
1778817600,1,125.3,1.12,23.11,1.72,2.78
1778821200,1,133.51,1.33,22.49,2.01,3.2
1778824800,1,141.36,1.53,22.19,2.23,3.47
1778828400,1,144.13,1.53,22.74,2.28,3.49
1778832000,1,138.66,1.34,24.25,2.1,3.22
1778835600,1,129.19,1.07,26.34,1.77,2.71
1778839200,1,124.07,0.91,28.83,1.55,2.37
1778842800,1,131.68,1.17,30.52,1.63,2.46
1778846400,1,141.73,1.49,32.15,1.75,2.62
1778850000,1,152.16,1.69,35.46,1.89,2.8
1778853600,1,160.38,1.8,38.18,2.04,3.09
1778857200,1,165.99,1.87,40.09,2.15,3.36
1778860800,1,180.29,2.21,40.88,2.62,4.18
1778864400,1,207.46,2.89,40.24,3.58,5.64
1778868000,1,233.05,3.52,39.54,4.51,6.94
1778871600,1,250.76,3.94,39.25,5.18,7.48
1778875200,1,251.87,3.93,39.83,5.21,7.17
1778878800,1,235.57,3.5,41.13,4.68,6.4
1778882400,1,211.98,2.88,42.81,3.86,5.32
1778886000,1,206.15,2.73,42.98,3.66,4.93
1778889600,1,198.04,2.47,43.37,3.37,4.52
1778893200,1,177.87,1.88,44.86,2.72,3.77
1778896800,1,159.65,1.41,46.56,2.15,3.1
1778900400,1,143.19,0.96,48.53,1.66,2.44
1778904000,1,134.93,0.73,49.56,1.38,2.01
1778907600,1,141.49,0.87,49.09,1.52,2.15
1778911200,1,149.45,1.01,48.58,1.75,2.45
1778914800,1,156.76,1.11,48.69,1.97,2.74
1778918400,1,163.08,1.2,49.07,2.14,2.97
1778922000,1,168.01,1.3,49.27,2.24,3.15
1778925600,1,170.33,1.29,49.96,2.31,3.33
1778929200,1,169.16,1.41,50.09,2.22,3.26
1778932800,1,166.59,1.43,50.1,2.09,3.07
1778936400,1,164.17,1.41,50.41,2.02,2.95
1778940000,1,164.71,1.46,50.23,2.15,3.28
1778943600,1,166.46,1.55,49.86,2.34,3.67
1778947200,1,176.79,1.89,48.81,2.77,4.23
